,Company,ASK_Amount,ASK_Equity,ASK_Valuation,Barbara  Corcoran,Mark  Cuban,Lori Greiner,Robert Herjavec,Daymond John,Kevin O'Leary,Guest,# Sharks,Deal_Yes,Industry_Automotive,Industry_Business Services,Industry_Children / Education,Industry_Fashion / Beauty,Industry_Fitness / Sports / Outdoors,Industry_Food and Beverage,Industry_Green/CleanTech,Industry_Health / Wellness,Industry_Lifestyle / Home,Industry_Media / Entertainment,Industry_Pet Products,Industry_Software / Tech,Industry_Travel,Industry_Uncertain / Other,Entrepreneur Gender_Female,Entrepreneur Gender_Male,Entrepreneur Gender_Mixed Team
0,Ava the Elephant,50000,15,333333,1.0,0.0,0.0,0.0,0.0,0.0,0.0,1.0,1,0,0,0,0,0,0,0,1,0,0,0,0,0,0,1,0,0
1,Mr. Tod's Pie Factory,460000,10,4600000,1.0,0.0,0.0,0.0,1.0,0.0,0.0,2.0,1,0,0,0,0,0,1,0,0,0,0,0,0,0,0,0,1,0
6,Classroom Jams,250000,10,2500000,1.0,1.0,0.0,1.0,1.0,1.0,0.0,5.0,1,0,0,1,0,0,0,0,0,0,0,0,0,0,0,0,1,0
263,Sweet Ballz,250000,10,2500000,1.0,1.0,0.0,0.0,0.0,0.0,0.0,2.0,1,0,0,0,0,0,1,0,0,0,0,0,0,0,0,0,1,0
264,Postcard on the Run,300000,5,6000000,0.0,0.0,0.0,1.0,0.0,0.0,0.0,1.0,1,0,0,0,0,0,0,0,0,0,0,0,1,0,0,0,1,0
265,Lynnaes Gourmet Pickles,125000,20,625000,0.0,0.0,0.0,0.0,0.0,0.0,0.0,0.0,0,0,0,0,0,0,1,0,0,0,0,0,0,0,0,1,0,0
266,RoloDoc,50000,20,250000,0.0,0.0,0.0,0.0,0.0,0.0,0.0,0.0,0,0,0,0,0,0,0,0,1,0,0,0,0,0,0,0,1,0
267,Kane & Couture Dog Clothes,150000,33,454545,0.0,0.0,1.0,0.0,1.0,0.0,0.0,2.0,1,0,0,0,0,0,0,0,0,0,0,1,0,0,0,1,0,0
268,Breathometer,250000,10,2500000,0.0,1.0,1.0,1.0,1.0,1.0,0.0,5.0,1,0,0,0,0,0,0,0,1,0,0,0,0,0,0,0,1,0
269,Mango Mango Preserve,75000,20,375000,0.0,0.0,0.0,0.0,0.0,0.0,0.0,0.0,0,0,0,0,0,0,1,0,0,0,0,0,0,0,0,1,0,0
270,Man Medals,10000,10,100000,0.0,0.0,0.0,0.0,0.0,0.0,0.0,0.0,0,0,0,0,0,0,0,0,0,0,0,0,0,0,1,0,1,0
271,Freeloader Child Carrier,200000,15,1333333,0.0,0.0,0.0,1.0,0.0,0.0,0.0,1.0,1,0,0,0,0,0,0,0,0,0,0,0,0,1,0,0,1,0
272,Rapid Ramen Cooker,300000,10,3000000,0.0,1.0,0.0,0.0,0.0,0.0,0.0,1.0,1,0,0,0,0,0,1,0,0,0,0,0,0,0,0,0,1,0
273,Fairy Tale Wishes,35000,33,106061,0.0,0.0,0.0,0.0,0.0,0.0,0.0,0.0,0,0,0,1,0,0,0,0,0,0,0,0,0,0,0,1,0,0
274,Kook n Kap,50000,20,250000,0.0,0.0,0.0,0.0,0.0,0.0,0.0,0.0,0,0,0,0,0,0,1,0,0,0,0,0,0,0,0,1,0,0
275,Screen Mend,30000,25,120000,0.0,0.0,1.0,0.0,0.0,0.0,0.0,1.0,1,0,0,0,0,0,0,0,0,1,0,0,0,0,0,0,0,1
276,Hamboards Skateboard/Surfboard,100000,15,666667,0.0,0.0,0.0,1.0,0.0,0.0,0.0,1.0,1,0,0,0,0,1,0,0,0,0,0,0,0,0,0,0,1,0
277,R Dubs Sunday Night Slow Jams,75000,10,750000,0.0,0.0,0.0,0.0,0.0,0.0,0.0,0.0,0,0,0,0,0,0,0,0,0,1,0,0,0,0,0,0,1,0
278,Scan. Me App,1000000,5,20000000,0.0,0.0,0.0,0.0,0.0,0.0,0.0,0.0,0,0,0,0,0,0,0,0,0,0,0,0,1,0,0,0,1,0
279,Veggie Mama Garden Pops,75000,15,500000,1.0,1.0,0.0,0.0,0.0,0.0,0.0,2.0,1,0,0,0,0,0,1,0,0,0,0,0,0,0,0,0,0,1
280,Ruffle Butts - Rugged Butts,600000,7,8571429,0.0,0.0,1.0,0.0,0.0,0.0,0.0,1.0,1,0,0,0,1,0,0,0,0,0,0,0,0,0,0,0,0,1
281,Bare Ease Bikini Waxing,50000,20,250000,0.0,0.0,0.0,0.0,0.0,0.0,0.0,0.0,0,0,0,0,0,0,0,0,0,1,0,0,0,0,0,1,0,0
282,Rent A Goat,150000,25,600000,0.0,0.0,0.0,0.0,0.0,0.0,0.0,0.0,0,0,0,0,0,0,0,0,0,0,0,1,0,0,0,0,1,0
283,Total Merchant Resources,200000,20,1000000,0.0,0.0,0.0,0.0,0.0,1.0,0.0,1.0,1,0,1,0,0,0,0,0,0,0,0,0,0,0,0,0,0,1
284,Ten Thirty One Haunted Hayrides,2000000,10,20000000,0.0,1.0,0.0,0.0,0.0,0.0,0.0,1.0,1,0,0,0,0,0,0,0,0,0,1,0,0,0,0,1,0,0
285,Fiber Fix Tape,90000,10,900000,0.0,0.0,1.0,0.0,0.0,0.0,0.0,1.0,1,0,0,0,0,0,0,0,0,1,0,0,0,0,0,0,1,0
286,Elephant Chat,50000,20,250000,0.0,0.0,0.0,0.0,0.0,0.0,0.0,0.0,0,0,0,0,0,0,0,0,0,0,0,0,0,0,1,0,0,1
287,180 Party Cup,300000,15,2000000,0.0,0.0,0.0,0.0,1.0,0.0,0.0,1.0,1,0,0,0,0,0,0,0,0,1,0,0,0,0,0,0,1,0
288,Tree T Pee,150000,20,750000,0.0,0.0,0.0,0.0,0.0,0.0,1.0,1.0,1,0,0,0,0,0,0,1,0,0,0,0,0,0,0,0,1,0
289,Better Life Cleaning Products,400000,7,5714286,0.0,0.0,1.0,0.0,0.0,0.0,0.0,1.0,1,0,0,0,0,0,0,1,0,0,0,0,0,0,0,0,1,0
290,Kymera Electric Surfboards,250000,20,1250000,0.0,0.0,0.0,0.0,0.0,0.0,0.0,0.0,0,0,0,0,0,1,0,0,0,0,0,0,0,0,0,0,1,0
291,Paparazzi Proposals,250000,20,1250000,0.0,0.0,1.0,0.0,0.0,1.0,0.0,2.0,1,0,0,0,0,0,0,0,0,1,0,0,0,0,0,0,1,0
292,Schulzies Bread Pudding,160000,20,800000,0.0,0.0,0.0,0.0,0.0,0.0,0.0,0.0,0,0,0,0,0,0,1,0,0,0,0,0,0,0,0,1,0,0
293,BellyBuds,500000,12,4000000,0.0,0.0,0.0,0.0,0.0,0.0,0.0,0.0,0,0,0,0,0,0,0,0,1,0,0,0,0,0,0,0,1,0
294,PetPaint,200000,20,1000000,0.0,0.0,0.0,0.0,0.0,0.0,0.0,0.0,0,0,0,0,0,0,0,0,0,0,0,1,0,0,0,0,1,0
295,Surprise Ride,110000,10,1100000,0.0,0.0,0.0,0.0,0.0,0.0,0.0,0.0,0,0,0,1,0,0,0,0,0,0,0,0,0,0,0,1,0,0
296,Slawsa,150000,15,1000000,0.0,0.0,0.0,0.0,0.0,0.0,0.0,0.0,0,0,0,0,0,0,1,0,0,0,0,0,0,0,0,1,0,0
297,DoorBot,700000,10,7000000,0.0,0.0,0.0,0.0,0.0,0.0,0.0,0.0,0,0,0,0,0,0,0,0,0,1,0,0,0,0,0,0,1,0
298,Magic Moments,500000,15,3333333,0.0,0.0,0.0,0.0,0.0,0.0,0.0,0.0,0,0,0,0,0,0,0,0,0,0,0,0,1,0,0,0,1,0
299,Grace & Lace Knitted Boot Socks,175000,10,1750000,1.0,0.0,0.0,0.0,0.0,0.0,0.0,1.0,1,0,0,0,1,0,0,0,0,0,0,0,0,0,0,0,0,1
300,Yubo Customized Lunch Boxes,150000,15,1000000,0.0,0.0,0.0,1.0,0.0,1.0,0.0,2.0,1,0,0,1,0,0,0,0,0,0,0,0,0,0,0,0,0,1
301,PurseCase,55000,12,458333,0.0,0.0,0.0,0.0,1.0,0.0,0.0,1.0,1,0,0,0,1,0,0,0,0,0,0,0,0,0,0,1,0,0
302,Chocomize Chocolate Bars,500000,20,2500000,0.0,0.0,0.0,0.0,0.0,0.0,0.0,0.0,0,0,0,0,0,0,1,0,0,0,0,0,0,0,0,0,1,0
303,De-Boned Baby Back Rib Steak,300000,15,2000000,0.0,0.0,0.0,0.0,1.0,0.0,0.0,1.0,1,0,0,0,0,0,1,0,0,0,0,0,0,0,0,0,0,1
304,SpiritHoods,450000,15,3000000,0.0,0.0,0.0,0.0,0.0,0.0,0.0,0.0,0,0,0,0,1,0,0,0,0,0,0,0,0,0,0,0,0,1
305,FoHawx,150000,30,500000,0.0,0.0,0.0,0.0,0.0,0.0,0.0,0.0,0,0,0,0,0,1,0,0,0,0,0,0,0,0,0,1,0,0
306,Virtuix Omni,2000000,10,20000000,0.0,0.0,0.0,0.0,0.0,0.0,0.0,0.0,0,0,0,0,0,0,0,0,0,0,0,0,1,0,0,0,1,0
307,Tipsy Elves,100000,5,2000000,0.0,0.0,0.0,1.0,0.0,0.0,0.0,1.0,1,0,0,0,1,0,0,0,0,0,0,0,0,0,0,0,1,0
308,One Life Products,50000,15,333333,0.0,0.0,0.0,0.0,1.0,0.0,0.0,1.0,1,0,0,0,0,0,0,0,0,1,0,0,0,0,0,0,1,0
309,Cashmere Hair,45000,15,300000,0.0,0.0,0.0,0.0,0.0,0.0,0.0,0.0,0,0,0,0,1,0,0,0,0,0,0,0,0,0,0,1,0,0
310,Lite-Netics,125000,20,625000,0.0,0.0,0.0,0.0,0.0,0.0,0.0,0.0,0,0,0,0,0,0,0,0,0,1,0,0,0,0,0,0,1,0
311,GrooveBook,150000,20,750000,0.0,1.0,0.0,0.0,0.0,1.0,0.0,2.0,1,0,0,0,0,0,0,0,0,0,0,0,1,0,0,0,0,1
312,The Wall DoctoRX,150000,10,1500000,0.0,0.0,0.0,1.0,0.0,0.0,0.0,1.0,1,0,0,0,0,0,0,0,0,1,0,0,0,0,0,0,1,0
313,Bounce Boot Camp,30000,20,150000,0.0,0.0,0.0,0.0,0.0,0.0,0.0,0.0,0,0,0,1,0,0,0,0,0,0,0,0,0,0,0,0,1,0
314,EyeBloc,50000,10,500000,0.0,0.0,0.0,0.0,0.0,0.0,0.0,0.0,0,0,0,0,0,0,0,0,0,0,0,0,1,0,0,0,1,0
315,LockerBones,175000,10,1750000,0.0,0.0,1.0,1.0,0.0,0.0,0.0,2.0,1,0,0,1,0,0,0,0,0,0,0,0,0,0,0,0,1,0
316,InvisiPlug,125000,10,1250000,0.0,0.0,1.0,0.0,0.0,0.0,0.0,1.0,1,0,0,0,0,0,0,0,0,0,0,0,1,0,0,0,1,0
317,Balloon Distractions,250000,30,833333,0.0,0.0,0.0,0.0,0.0,0.0,0.0,0.0,0,0,0,1,0,0,0,0,0,0,0,0,0,0,0,0,1,0
318,Alaska Glacial Mud Co.,100000,20,500000,0.0,0.0,0.0,0.0,0.0,0.0,0.0,0.0,0,0,0,0,1,0,0,0,0,0,0,0,0,0,0,1,0,0
319,SwimZip,60000,5,1200000,0.0,0.0,1.0,0.0,0.0,0.0,0.0,1.0,1,0,0,1,0,0,0,0,0,0,0,0,0,0,0,0,0,1
320,Freshly Picked,150000,10,1500000,0.0,0.0,0.0,0.0,1.0,0.0,0.0,1.0,1,0,0,1,0,0,0,0,0,0,0,0,0,0,0,1,0,0
321,FitDeck,300000,20,1500000,0.0,0.0,0.0,0.0,0.0,0.0,0.0,0.0,0,0,0,0,0,1,0,0,0,0,0,0,0,0,0,0,1,0
322,LifeCaps,200000,30,666667,0.0,0.0,0.0,0.0,0.0,0.0,0.0,0.0,0,0,0,0,0,0,0,0,1,0,0,0,0,0,0,0,1,0
323,The Cookie Dough Cafe,50000,20,250000,0.0,0.0,1.0,0.0,0.0,0.0,1.0,2.0,1,0,0,0,0,0,1,0,0,0,0,0,0,0,0,1,0,0
324,Cycloramic,90000,5,1800000,0.0,1.0,1.0,0.0,0.0,0.0,0.0,2.0,1,0,0,0,0,0,0,0,0,0,0,0,1,0,0,0,1,0
325,Nexersys,2000000,10,20000000,0.0,0.0,0.0,0.0,0.0,0.0,0.0,0.0,0,0,0,0,0,1,0,0,0,0,0,0,0,0,0,0,1,0
326,Cow Wow Cereal Milk,250000,10,2500000,0.0,0.0,0.0,0.0,0.0,0.0,0.0,0.0,0,0,0,0,0,0,1,0,0,0,0,0,0,0,0,0,0,1
327,Spy Escape and Evasion,100000,15,666667,0.0,0.0,0.0,0.0,1.0,0.0,0.0,1.0,1,0,0,1,0,0,0,0,0,0,0,0,0,0,0,0,1,0
328,Southern Culture Artisan Foods,100000,25,400000,1.0,0.0,0.0,0.0,0.0,0.0,0.0,1.0,1,0,0,0,0,0,1,0,0,0,0,0,0,0,0,1,0,0
329,DDP Yoga,200000,5,4000000,0.0,0.0,0.0,0.0,0.0,0.0,0.0,0.0,0,0,0,0,0,1,0,0,0,0,0,0,0,0,0,0,1,0
330,Moberi,50000,15,333333,0.0,0.0,0.0,0.0,0.0,0.0,0.0,0.0,0,0,0,0,0,0,1,0,0,0,0,0,0,0,0,0,1,0
331,Bambooee,200000,10,2000000,0.0,0.0,1.0,0.0,0.0,0.0,0.0,1.0,1,0,0,0,0,0,0,0,0,1,0,0,0,0,0,0,0,1
332,Buzzy4Shots,500000,5,10000000,0.0,0.0,0.0,0.0,0.0,0.0,0.0,0.0,0,0,0,0,0,0,0,0,1,0,0,0,0,0,0,1,0,0
333,ZipIt,75000,20,375000,0.0,0.0,0.0,0.0,0.0,0.0,0.0,0.0,0,0,0,0,0,0,0,0,0,1,0,0,0,0,0,1,0,0
334,Cheek'd,100000,10,1000000,0.0,0.0,0.0,0.0,0.0,0.0,0.0,0.0,0,0,0,0,0,0,0,0,0,0,0,0,1,0,0,1,0,0
335,U-Lace,200000,25,800000,0.0,1.0,0.0,0.0,0.0,0.0,0.0,1.0,1,0,0,0,1,0,0,0,0,0,0,0,0,0,0,0,1,0
336,RevoLights,150000,10,1500000,0.0,0.0,0.0,1.0,0.0,0.0,0.0,1.0,1,0,0,0,0,1,0,0,0,0,0,0,0,0,0,0,1,0
337,Squeeky Knees,80000,20,400000,0.0,0.0,0.0,0.0,0.0,0.0,0.0,0.0,0,0,0,1,0,0,0,0,0,0,0,0,0,0,0,0,0,1
338,The Buffer Bit,75000,25,300000,0.0,0.0,0.0,0.0,0.0,0.0,0.0,0.0,0,0,0,0,1,0,0,0,0,0,0,0,0,0,0,0,1,0
339,Henry's Humdingers,150000,25,600000,0.0,1.0,0.0,1.0,0.0,0.0,0.0,2.0,1,0,0,0,0,0,1,0,0,0,0,0,0,0,0,0,1,0
340,Boo Boo Goo,100000,17,571429,0.0,0.0,0.0,0.0,0.0,1.0,0.0,1.0,1,0,0,0,0,0,0,0,1,0,0,0,0,0,0,0,0,1
341,Iretron,100000,20,500000,1.0,1.0,0.0,0.0,0.0,0.0,0.0,2.0,1,0,0,0,0,0,0,0,0,0,0,0,1,0,0,0,1,0
342,Define Bottle,100000,20,500000,0.0,0.0,0.0,0.0,0.0,0.0,0.0,0.0,0,0,0,0,0,0,1,0,0,0,0,0,0,0,0,0,1,0
343,Packback Books,200000,10,2000000,0.0,0.0,0.0,0.0,0.0,0.0,0.0,0.0,0,0,0,1,0,0,0,0,0,0,0,0,0,0,0,0,0,1
344,Chapul,50000,5,1000000,0.0,1.0,0.0,0.0,0.0,0.0,0.0,1.0,1,0,0,0,0,0,1,0,0,0,0,0,0,0,0,0,1,0
345,Garage Door Lock,275000,30,916667,0.0,0.0,0.0,0.0,1.0,0.0,0.0,1.0,1,0,0,0,0,0,0,0,0,1,0,0,0,0,0,0,1,0
346,MorningHead,25000,20,125000,0.0,0.0,0.0,0.0,0.0,0.0,0.0,0.0,0,0,0,0,0,0,0,0,0,1,0,0,0,0,0,0,1,0
347,Plated,500000,4,12500000,0.0,1.0,0.0,0.0,0.0,0.0,0.0,1.0,1,0,0,0,0,0,1,0,0,0,0,0,0,0,0,0,1,0
348,Monkey Mat,100000,30,333333,0.0,1.0,1.0,0.0,0.0,0.0,0.0,2.0,1,0,0,0,0,0,0,0,0,1,0,0,0,0,0,1,0,0
349,The Paint Brush Cover,50000,10,500000,0.0,0.0,1.0,0.0,0.0,0.0,0.0,1.0,1,0,0,0,0,0,0,0,0,1,0,0,0,0,0,0,1,0
350,Kodiak Cakes,500000,10,5000000,0.0,0.0,0.0,0.0,0.0,0.0,0.0,0.0,0,0,0,0,0,0,1,0,0,0,0,0,0,0,0,0,1,0
351,Velocity Signs,225000,15,1500000,0.0,1.0,0.0,1.0,0.0,1.0,0.0,3.0,1,0,1,0,0,0,0,0,0,0,0,0,0,0,0,0,1,0
352,Happy Feet,375000,15,2500000,0.0,0.0,0.0,0.0,0.0,0.0,0.0,0.0,1,0,0,0,1,0,0,0,0,0,0,0,0,0,0,0,1,0
353,Hold Your Haunches,75000,20,375000,1.0,0.0,1.0,0.0,0.0,0.0,0.0,2.0,1,0,0,0,1,0,0,0,0,0,0,0,0,0,0,1,0,0
354,Lord Nut Levington,500000,30,1666667,0.0,0.0,0.0,0.0,0.0,0.0,0.0,0.0,0,0,0,0,0,0,1,0,0,0,0,0,0,0,0,0,1,0
355,Fun Time Express,125000,20,625000,0.0,0.0,1.0,0.0,0.0,1.0,0.0,2.0,1,0,0,1,0,0,0,0,0,0,0,0,0,0,0,0,1,0
356,PowerPot,250000,10,2500000,0.0,1.0,0.0,0.0,0.0,0.0,0.0,1.0,1,0,0,0,0,0,1,0,0,0,0,0,0,0,0,0,1,0
357,Quickstop Fire Sprinkler Tools,150000,10,1500000,0.0,0.0,0.0,0.0,0.0,0.0,0.0,0.0,0,0,0,0,0,0,0,0,0,1,0,0,0,0,0,0,1,0
358,Taylor Robinson Music,100000,10,1000000,0.0,0.0,0.0,0.0,0.0,0.0,0.0,0.0,0,0,0,0,0,0,0,0,0,0,0,0,1,0,0,0,1,0
359,ZooBean,250000,15,1666667,0.0,1.0,0.0,0.0,0.0,0.0,0.0,1.0,1,0,0,1,0,0,0,0,0,0,0,0,0,0,0,0,0,1
360,iLumi,350000,15,2333333,0.0,0.0,0.0,0.0,0.0,0.0,0.0,0.0,0,0,0,0,0,0,0,0,0,1,0,0,0,0,0,0,1,0
361,Fort Magic,75000,15,500000,0.0,0.0,0.0,0.0,0.0,0.0,0.0,0.0,0,0,0,1,0,0,0,0,0,0,0,0,0,0,0,1,0,0
362,Intelli-Stopper Technology,250000,10,2500000,0.0,0.0,0.0,0.0,0.0,0.0,0.0,0.0,0,0,0,0,0,0,1,0,0,0,0,0,0,0,0,0,1,0
363,Rugged Maniac,1000000,10,10000000,0.0,1.0,0.0,0.0,0.0,0.0,0.0,1.0,1,0,0,0,0,1,0,0,0,0,0,0,0,0,0,0,1,0
364,Cerebral Success,75000,20,375000,1.0,0.0,0.0,0.0,0.0,0.0,0.0,1.0,1,0,0,0,0,0,0,0,1,0,0,0,0,0,0,0,1,0
365,Mo's Bows,50000,20,250000,0.0,0.0,0.0,0.0,0.0,0.0,0.0,0.0,0,0,0,0,1,0,0,0,0,0,0,0,0,0,0,0,0,1
366,Crio,1000000,10,10000000,0.0,0.0,0.0,0.0,0.0,0.0,0.0,0.0,0,0,0,0,0,0,1,0,0,0,0,0,0,0,0,0,1,0
367,Angellift,500000,10,5000000,0.0,0.0,1.0,0.0,0.0,0.0,0.0,1.0,1,0,0,0,1,0,0,0,0,0,0,0,0,0,0,0,1,0
368,HangEase,80000,30,266667,0.0,0.0,0.0,0.0,0.0,0.0,0.0,0.0,0,0,0,0,0,0,0,0,0,1,0,0,0,0,0,0,1,0
369,The Bouqs Company,258000,3,8600000,0.0,0.0,0.0,0.0,0.0,0.0,0.0,0.0,0,0,0,0,0,0,0,0,0,1,0,0,0,0,0,0,1,0
370,Susty Party,250000,10,2500000,0.0,0.0,0.0,0.0,0.0,0.0,0.0,0.0,0,0,0,0,0,0,0,0,0,1,0,0,0,0,0,1,0,0
371,Oru Kayak,500000,12,4166667,0.0,0.0,0.0,1.0,0.0,0.0,0.0,1.0,1,0,0,0,0,1,0,0,0,0,0,0,0,0,0,0,1,0
372,Bon Affair,150000,35,428571,0.0,1.0,0.0,0.0,0.0,0.0,0.0,1.0,1,0,0,0,0,0,1,0,0,0,0,0,0,0,0,1,0,0
373,Cinnaholic,200000,20,1000000,0.0,0.0,0.0,0.0,0.0,0.0,0.0,0.0,0,0,0,0,0,0,1,0,0,0,0,0,0,0,0,0,0,1
374,Hargitt Marine Services,250000,25,1000000,0.0,0.0,0.0,0.0,0.0,0.0,0.0,0.0,0,0,0,0,0,1,0,0,0,0,0,0,0,0,0,0,1,0
375,Foot Fairy,75000,15,500000,0.0,1.0,0.0,0.0,0.0,0.0,0.0,1.0,1,0,0,0,0,0,0,0,0,0,0,0,1,0,0,1,0,0
376,BZbox,50000,20,250000,0.0,0.0,1.0,0.0,0.0,0.0,0.0,1.0,1,0,0,0,0,0,0,0,0,1,0,0,0,0,0,1,0,0
377,Tie-Not,125000,10,1250000,0.0,0.0,0.0,0.0,0.0,0.0,0.0,0.0,0,0,0,1,0,0,0,0,0,0,0,0,0,0,0,0,1,0
378,Baker's Edge,400000,20,2000000,0.0,0.0,0.0,0.0,0.0,0.0,0.0,0.0,0,0,0,0,0,0,1,0,0,0,0,0,0,0,0,0,0,1
379,Sleeping Baby,200000,10,2000000,0.0,0.0,0.0,0.0,1.0,0.0,0.0,1.0,1,0,0,1,0,0,0,0,0,0,0,0,0,0,0,0,0,1
380,Bombas,200000,5,4000000,0.0,0.0,0.0,0.0,1.0,0.0,0.0,1.0,1,0,0,0,1,0,0,0,0,0,0,0,0,0,0,0,1,0
381,Hammer & Nails,200000,20,1000000,0.0,0.0,0.0,0.0,0.0,0.0,0.0,0.0,0,0,0,0,1,0,0,0,0,0,0,0,0,0,0,0,1,0
382,Amber,200000,20,1000000,0.0,0.0,0.0,0.0,0.0,0.0,0.0,0.0,0,0,0,0,0,0,0,0,0,0,0,0,1,0,0,0,1,0
383,Kronos,150000,15,1000000,0.0,0.0,0.0,1.0,0.0,0.0,0.0,1.0,1,0,0,0,0,1,0,0,0,0,0,0,0,0,0,0,1,0
384,Roominate,500000,5,10000000,0.0,1.0,1.0,0.0,0.0,0.0,0.0,2.0,1,0,0,1,0,0,0,0,0,0,0,0,0,0,0,1,0,0
385,The Floating Mug Co.,75000,15,500000,0.0,0.0,0.0,0.0,0.0,0.0,0.0,0.0,0,0,0,0,0,0,0,0,0,1,0,0,0,0,0,0,1,0
386,Wedding Wagon,125000,20,625000,0.0,0.0,0.0,0.0,0.0,0.0,0.0,0.0,0,0,0,0,0,0,0,0,0,1,0,0,0,0,0,0,1,0
387,Heart Pup,25000,10,250000,0.0,0.0,0.0,0.0,1.0,0.0,0.0,1.0,1,0,0,0,0,0,0,0,0,0,0,1,0,0,0,1,0,0
388,SoapSox,260000,10,2600000,0.0,0.0,0.0,0.0,0.0,0.0,0.0,0.0,0,0,0,1,0,0,0,0,0,0,0,0,0,0,0,0,1,0
389,Ninja Cards,60000,30,200000,0.0,0.0,0.0,0.0,0.0,0.0,0.0,0.0,0,0,0,1,0,0,0,0,0,0,0,0,0,0,0,0,1,0
390,DrumPants,150000,5,3000000,0.0,0.0,0.0,0.0,0.0,0.0,0.0,0.0,0,0,0,0,1,0,0,0,0,0,0,0,0,0,0,0,0,1
391,Paper Box Pilots,35000,25,140000,0.0,0.0,0.0,1.0,0.0,0.0,0.0,1.0,1,0,0,1,0,0,0,0,0,0,0,0,0,0,0,0,1,0
392,Reviver,150000,5,3000000,0.0,0.0,1.0,0.0,0.0,0.0,0.0,1.0,1,0,0,0,0,0,0,0,0,1,0,0,0,0,0,0,1,0
393,FunCakes Rental,285000,25,1140000,0.0,0.0,0.0,0.0,0.0,0.0,0.0,0.0,0,0,0,0,0,0,1,0,0,0,0,0,0,0,0,1,0,0
394,Table Jacks,100000,25,400000,0.0,0.0,0.0,0.0,0.0,0.0,0.0,0.0,0,0,0,0,0,0,0,0,0,1,0,0,0,0,0,0,1,0
395,The Red Dress Boutique,600000,5,12000000,0.0,1.0,0.0,1.0,0.0,0.0,0.0,2.0,1,0,0,0,1,0,0,0,0,0,0,0,0,0,0,0,0,1
396,SunStaches,300000,5,6000000,0.0,0.0,0.0,0.0,1.0,0.0,0.0,1.0,1,0,0,0,1,0,0,0,0,0,0,0,0,0,0,0,1,0
397,Jungle JumpaRoo,100000,20,500000,0.0,0.0,0.0,0.0,0.0,0.0,0.0,0.0,0,0,0,1,0,0,0,0,0,0,0,0,0,0,0,0,0,1
398,The Caddy Girls,100000,20,500000,0.0,0.0,0.0,0.0,0.0,0.0,0.0,0.0,0,0,0,0,0,1,0,0,0,0,0,0,0,0,0,1,0,0
399,Honeyfund,400000,10,4000000,0.0,0.0,0.0,0.0,0.0,1.0,0.0,1.0,1,0,0,0,0,0,0,0,0,0,0,0,1,0,0,0,0,1
400,BeatBox Beverages,200000,10,2000000,0.0,1.0,0.0,0.0,0.0,0.0,0.0,1.0,1,0,0,0,0,0,1,0,0,0,0,0,0,0,0,0,0,1
401,Oilerie USA,500000,35,1428571,0.0,0.0,0.0,0.0,0.0,0.0,0.0,0.0,0,0,0,0,0,0,1,0,0,0,0,0,0,0,0,0,1,0
402,EmergenSee,250000,10,2500000,0.0,0.0,0.0,0.0,0.0,0.0,0.0,0.0,0,0,0,0,0,0,0,0,0,0,0,0,1,0,0,0,1,0
403,Myself Belts,60000,10,600000,0.0,0.0,0.0,0.0,1.0,0.0,0.0,1.0,1,0,0,1,0,0,0,0,0,0,0,0,0,0,0,1,0,0
404,Titin,500000,5,10000000,0.0,0.0,0.0,0.0,1.0,0.0,0.0,1.0,1,0,0,0,0,1,0,0,0,0,0,0,0,0,0,0,1,0
405,SingTrix,1500000,5,30000000,0.0,0.0,0.0,0.0,0.0,0.0,0.0,0.0,0,0,0,1,0,0,0,0,0,0,0,0,0,0,0,0,1,0
406,Beardbrand,400000,15,2666667,0.0,0.0,0.0,0.0,0.0,0.0,0.0,0.0,0,0,0,0,1,0,0,0,0,0,0,0,0,0,0,0,1,0
407,The Natural Grip,100000,20,500000,0.0,0.0,0.0,1.0,0.0,0.0,0.0,1.0,1,0,0,0,0,1,0,0,0,0,0,0,0,0,0,1,0,0
408,Bottle Breacher,150000,10,1500000,0.0,1.0,0.0,0.0,0.0,1.0,0.0,2.0,1,0,0,0,0,0,1,0,0,0,0,0,0,0,0,0,1,0
409,Man-Pack,200000,29,689655,0.0,0.0,0.0,0.0,0.0,0.0,0.0,0.0,0,0,0,0,1,0,0,0,0,0,0,0,0,0,0,0,1,0
410,Priority One Canine,75000,15,500000,0.0,0.0,0.0,0.0,0.0,0.0,0.0,0.0,0,0,0,0,0,0,0,0,0,0,0,1,0,0,0,0,0,1
411,Heidi Ho,125000,20,625000,0.0,0.0,1.0,0.0,0.0,0.0,0.0,1.0,1,0,0,0,0,0,1,0,0,0,0,0,0,0,0,1,0,0
412,Squatty Potty,350000,5,7000000,0.0,0.0,1.0,0.0,0.0,0.0,0.0,1.0,1,0,0,0,0,0,0,0,0,1,0,0,0,0,0,0,0,1
413,Pipsnacks,200000,10,2000000,1.0,0.0,0.0,0.0,0.0,0.0,0.0,1.0,1,0,0,0,0,0,1,0,0,0,0,0,0,0,0,0,0,1
414,Storm Stoppers,100000,10,1000000,0.0,0.0,0.0,0.0,0.0,0.0,0.0,0.0,0,0,0,0,0,0,0,0,0,1,0,0,0,0,0,0,1,0
415,MagicCook,100000,20,500000,0.0,0.0,0.0,0.0,1.0,0.0,0.0,1.0,1,0,0,0,0,0,1,0,0,0,0,0,0,0,0,1,0,0
416,Earth Log,160000,20,800000,0.0,0.0,1.0,0.0,0.0,0.0,0.0,1.0,1,0,0,0,0,0,0,0,0,1,0,0,0,0,0,0,1,0
417,Kitchen Safe,100000,5,2000000,0.0,0.0,1.0,0.0,0.0,0.0,1.0,2.0,1,0,0,0,0,0,1,0,0,0,0,0,0,0,0,0,1,0
418,Off the Cob,100000,15,666667,0.0,0.0,0.0,0.0,0.0,0.0,0.0,0.0,0,0,0,0,0,0,1,0,0,0,0,0,0,0,0,0,1,0
419,Biaggi,500000,30,1666667,0.0,0.0,1.0,0.0,0.0,0.0,0.0,1.0,1,0,0,0,0,0,0,0,0,1,0,0,0,0,0,0,1,0
420,Gameday Couture,500000,20,2500000,0.0,1.0,0.0,0.0,0.0,0.0,0.0,1.0,1,0,0,0,1,0,0,0,0,0,0,0,0,0,0,0,0,1
421,Zipz,2500000,10,25000000,0.0,0.0,0.0,0.0,0.0,1.0,0.0,1.0,1,0,0,0,0,0,1,0,0,0,0,0,0,0,0,0,1,0
422,Soaps Washes and Grooming Essentials (aka S.W.A.G. Essentials),125000,20,625000,0.0,0.0,0.0,0.0,0.0,0.0,0.0,0.0,0,0,0,0,1,0,0,0,0,0,0,0,0,0,0,1,0,0
423,Hoppy Paws,50000,10,500000,1.0,0.0,0.0,0.0,0.0,0.0,0.0,1.0,1,0,0,0,0,0,0,0,0,1,0,0,0,0,0,1,0,0
424,Q-Flex,20000,20,100000,1.0,1.0,0.0,0.0,0.0,0.0,0.0,2.0,1,0,0,0,0,0,0,0,1,0,0,0,0,0,0,1,0,0
425,The Mensch on a Bench,150000,10,1500000,0.0,0.0,1.0,1.0,0.0,0.0,0.0,2.0,1,0,0,0,0,0,0,0,0,1,0,0,0,0,0,0,1,0
426,Eve Drop,75000,20,375000,0.0,0.0,0.0,0.0,0.0,0.0,0.0,0.0,0,0,0,0,0,0,0,0,0,1,0,0,0,0,0,0,1,0
427,Bantam Bagels,275000,11,2500000,0.0,0.0,1.0,0.0,0.0,0.0,0.0,1.0,1,0,0,0,0,0,1,0,0,0,0,0,0,0,0,0,0,1
428,Doorman,250000,10,2500000,0.0,0.0,0.0,1.0,0.0,0.0,0.0,1.0,1,0,0,0,0,0,0,0,0,1,0,0,0,0,0,0,1,0
429,SkinnyShirt,100000,20,500000,0.0,0.0,0.0,0.0,0.0,0.0,0.0,0.0,0,0,0,0,1,0,0,0,0,0,0,0,0,0,0,1,0,0
430,Coffee Meets Bagel,500000,5,10000000,0.0,0.0,0.0,0.0,0.0,0.0,0.0,0.0,0,0,0,0,0,0,0,0,0,0,0,0,1,0,0,1,0,0
431,Evrewares,100000,30,333333,0.0,1.0,0.0,0.0,0.0,0.0,0.0,1.0,1,0,0,0,1,0,0,0,0,0,0,0,0,0,0,1,0,0
432,Bottle Bright,75000,15,500000,0.0,0.0,1.0,0.0,0.0,0.0,0.0,1.0,1,0,0,0,0,0,0,0,0,1,0,0,0,0,0,0,1,0
433,Scratch & Grain Baking Co,150000,20,750000,1.0,0.0,0.0,0.0,0.0,0.0,0.0,1.0,1,0,0,0,0,0,1,0,0,0,0,0,0,0,0,1,0,0
434,Vestpakz,50000,10,500000,0.0,0.0,0.0,0.0,0.0,0.0,0.0,0.0,0,0,0,1,0,0,0,0,0,0,0,0,0,0,0,0,1,0
435,TurboPUP,100000,20,500000,0.0,0.0,0.0,0.0,1.0,0.0,0.0,1.0,1,0,0,0,0,0,0,0,0,0,0,1,0,0,0,1,0,0
436,Lumio,250000,8,3125000,0.0,0.0,0.0,1.0,0.0,0.0,0.0,1.0,1,0,0,0,0,0,0,0,0,1,0,0,0,0,0,0,1,0
437,Bello Verde,360000,6,6000000,0.0,0.0,0.0,0.0,0.0,0.0,0.0,0.0,0,0,0,0,1,0,0,0,0,0,0,0,0,0,0,0,1,0
438,Napwell,100000,10,1000000,0.0,0.0,0.0,0.0,0.0,0.0,0.0,0.0,0,0,0,0,0,0,0,0,0,1,0,0,0,0,0,0,1,0
439,GreenBox,300000,10,3000000,0.0,0.0,0.0,0.0,0.0,1.0,0.0,1.0,1,0,0,0,0,0,1,0,0,0,0,0,0,0,0,0,0,1
440,Phonesoap,300000,7,4000000,0.0,0.0,1.0,0.0,0.0,0.0,0.0,1.0,1,0,0,0,0,0,0,0,0,0,0,0,1,0,0,0,1,0
441,Victoria's Kitchen,200000,20,1000000,0.0,0.0,0.0,0.0,0.0,0.0,0.0,0.0,0,0,0,0,0,0,1,0,0,0,0,0,0,0,0,0,0,1
442,Tycoon Real Estate,50000,5,1000000,0.0,0.0,0.0,0.0,0.0,0.0,0.0,0.0,0,0,0,0,0,0,0,0,0,0,0,0,1,0,0,0,1,0
443,Fresh Patch,150000,10,1500000,1.0,1.0,0.0,0.0,0.0,0.0,0.0,2.0,1,0,0,0,0,0,0,0,0,0,0,1,0,0,0,0,0,1
444,Drain Strain,110000,15,733333,0.0,0.0,0.0,1.0,0.0,0.0,0.0,1.0,1,0,0,0,0,0,0,0,0,1,0,0,0,0,0,0,1,0
445,Balm Chicky Balm Balm,75000,20,375000,0.0,0.0,0.0,0.0,0.0,0.0,0.0,0.0,0,0,0,0,1,0,0,0,0,0,0,0,0,0,0,1,0,0
446,BedJet,250000,10,2500000,0.0,0.0,0.0,0.0,0.0,0.0,0.0,0.0,0,0,0,0,0,0,0,0,0,1,0,0,0,0,0,0,1,0
447,BeverageBoy,50000,15,333333,0.0,0.0,0.0,0.0,1.0,0.0,0.0,1.0,1,0,0,0,0,0,1,0,0,0,0,0,0,0,0,0,1,0
448,FunBites,75000,20,375000,0.0,0.0,1.0,0.0,0.0,0.0,0.0,1.0,1,0,0,1,0,0,0,0,0,0,0,0,0,0,0,1,0,0
449,The Lip Bar,125000,20,625000,0.0,0.0,0.0,0.0,0.0,0.0,0.0,0.0,0,0,0,0,1,0,0,0,0,0,0,0,0,0,0,1,0,0
450,Himalayan Dog Chew,750000,5,15000000,0.0,0.0,0.0,0.0,0.0,0.0,0.0,0.0,0,0,0,0,0,0,0,0,0,0,0,1,0,0,0,0,1,0
451,Boobypack,80000,20,400000,1.0,0.0,0.0,0.0,0.0,0.0,0.0,1.0,1,0,0,0,1,0,0,0,0,0,0,0,0,0,0,1,0,0
452,Gold Rush Nugget Bucket,60000,15,400000,0.0,0.0,0.0,1.0,0.0,0.0,0.0,1.0,1,0,0,1,0,0,0,0,0,0,0,0,0,0,0,0,1,0
453,Sseko Designs,300000,10,3000000,0.0,0.0,0.0,0.0,0.0,0.0,0.0,0.0,0,0,0,0,1,0,0,0,0,0,0,0,0,0,0,0,0,1
454,Lumi,250000,5,5000000,0.0,0.0,0.0,0.0,0.0,0.0,0.0,0.0,0,0,0,0,1,0,0,0,0,0,0,0,0,0,0,1,0,0
455,LuminAid,200000,10,2000000,0.0,1.0,0.0,0.0,0.0,0.0,0.0,1.0,1,0,0,0,0,0,0,0,0,0,0,0,0,1,0,1,0,0
456,Scholly,40000,15,266667,0.0,0.0,0.0,0.0,0.0,0.0,0.0,0.0,1,0,0,1,0,0,0,0,0,0,0,0,0,0,0,0,1,0
457,Keen Home,750000,10,7500000,0.0,0.0,0.0,1.0,0.0,0.0,0.0,1.0,1,0,0,0,0,0,0,0,0,1,0,0,0,0,0,0,1,0
458,Taaluma,110000,15,733333,0.0,0.0,0.0,0.0,0.0,0.0,0.0,0.0,0,0,0,0,1,0,0,0,0,0,0,0,0,0,0,0,0,1
459,Coco Jack,125000,10,1250000,0.0,1.0,0.0,0.0,0.0,0.0,0.0,1.0,1,0,0,0,0,0,1,0,0,0,0,0,0,0,0,0,1,0
460,BedRyder,200000,15,1333333,0.0,0.0,0.0,0.0,0.0,0.0,0.0,0.0,0,1,0,0,0,0,0,0,0,0,0,0,0,0,0,0,1,0
461,Frill,100000,20,500000,1.0,0.0,0.0,0.0,0.0,1.0,0.0,2.0,1,0,0,0,1,0,0,0,0,0,0,0,0,0,0,1,0,0
462,Twin Z Pillow,75000,10,750000,0.0,0.0,1.0,0.0,0.0,0.0,0.0,1.0,1,0,0,1,0,0,0,0,0,0,0,0,0,0,0,0,0,1
463,Echo Valley Meats,150000,20,750000,0.0,1.0,0.0,0.0,0.0,0.0,0.0,1.0,1,0,0,0,0,0,1,0,0,0,0,0,0,0,0,0,1,0
464,Emazing Lights,650000,5,13000000,0.0,1.0,0.0,0.0,1.0,0.0,0.0,2.0,1,0,0,0,0,0,0,0,0,0,1,0,0,0,0,0,1,0
465,acqua vault,75000,12,625000,0.0,0.0,0.0,0.0,1.0,0.0,0.0,1.0,1,0,0,0,0,0,0,0,0,1,0,0,0,0,0,0,1,0
466,Naja,500000,5,10000000,0.0,0.0,0.0,0.0,0.0,0.0,0.0,0.0,0,0,0,0,1,0,0,0,0,0,0,0,0,0,0,1,0,0
467,Bee Sweet Lemonade,60000,10,600000,0.0,0.0,0.0,0.0,1.0,0.0,0.0,1.0,1,0,0,0,0,0,1,0,0,0,0,0,0,0,0,0,0,1
468,Brand Yourself,2000000,13,14814815,0.0,0.0,0.0,0.0,0.0,0.0,0.0,0.0,0,0,0,0,0,0,0,0,0,0,0,0,1,0,0,0,1,0
469,iC Pooch,150000,20,750000,0.0,0.0,0.0,0.0,0.0,0.0,0.0,0.0,0,0,0,0,0,0,0,0,0,0,0,1,0,0,0,0,0,1
470,The Home T,250000,5,5000000,0.0,0.0,0.0,0.0,0.0,0.0,0.0,0.0,0,0,0,0,1,0,0,0,0,0,0,0,0,0,0,0,1,0
471,Budsies,100000,5,2000000,0.0,0.0,0.0,0.0,0.0,0.0,0.0,0.0,0,0,0,1,0,0,0,0,0,0,0,0,0,0,0,0,1,0
472,bee thinking,400000,10,4000000,0.0,0.0,0.0,0.0,0.0,0.0,0.0,0.0,0,0,0,0,0,0,0,0,0,1,0,0,0,0,0,0,1,0
473,PullyPalz,100000,20,500000,0.0,0.0,1.0,0.0,0.0,0.0,0.0,1.0,1,0,0,1,0,0,0,0,0,0,0,0,0,0,0,1,0,0
474,Forus,200000,15,1333333,0.0,0.0,0.0,0.0,0.0,0.0,0.0,0.0,0,0,0,0,0,1,0,0,0,0,0,0,0,0,0,0,1,0
475,NeatCheeks,150000,20,750000,1.0,0.0,0.0,0.0,0.0,0.0,0.0,1.0,1,0,0,1,0,0,0,0,0,0,0,0,0,0,0,1,0,0
476,Melni,500000,5,10000000,0.0,1.0,0.0,0.0,0.0,0.0,0.0,1.0,1,0,0,0,0,0,0,0,0,0,0,0,1,0,0,0,1,0
477,Beneath the Ink,350000,10,3500000,0.0,0.0,0.0,0.0,0.0,0.0,0.0,0.0,0,0,0,0,0,0,0,0,0,0,0,0,1,0,0,0,0,1
478,PittMoss,600000,25,2400000,0.0,1.0,0.0,1.0,0.0,1.0,0.0,3.0,1,0,0,0,0,0,0,1,0,0,0,0,0,0,0,0,1,0
479,ZinePak,725000,10,7250000,0.0,0.0,1.0,1.0,0.0,0.0,0.0,2.0,1,0,0,0,0,0,0,0,0,0,1,0,0,0,0,1,0,0
480,snagastool,120000,18,666667,0.0,0.0,0.0,0.0,0.0,0.0,0.0,0.0,0,0,0,0,0,0,0,0,0,0,0,0,1,0,0,0,1,0
481,Buck Mason,200000,8,2500000,0.0,0.0,0.0,0.0,0.0,0.0,0.0,0.0,0,0,0,0,1,0,0,0,0,0,0,0,0,0,0,0,1,0
482,Noene,100000,10,1000000,0.0,1.0,0.0,0.0,1.0,0.0,0.0,2.0,1,0,0,0,1,0,0,0,0,0,0,0,0,0,0,0,1,0
483,AirCar,5000000,50,10000000,0.0,0.0,0.0,1.0,0.0,0.0,0.0,1.0,1,0,0,0,0,0,0,0,0,0,0,0,0,1,0,0,1,0
484,Paleo Diet Foods,150000,20,750000,0.0,0.0,0.0,0.0,0.0,0.0,0.0,0.0,0,0,0,0,0,0,1,0,0,0,0,0,0,0,0,1,0,0
485,World Record Striper Company,75000,20,375000,0.0,1.0,0.0,0.0,0.0,0.0,0.0,1.0,1,0,0,0,0,1,0,0,0,0,0,0,0,0,0,0,1,0
486,Frameri,150000,3,4285714,0.0,0.0,0.0,0.0,0.0,0.0,0.0,0.0,0,0,0,0,1,0,0,0,0,0,0,0,0,0,0,0,1,0
487,Zoom,100000,20,500000,1.0,0.0,0.0,0.0,0.0,0.0,0.0,1.0,1,0,0,0,0,0,0,0,0,1,0,0,0,0,0,1,0,0
488,Sunscreen Mist,400000,15,2666667,0.0,0.0,0.0,0.0,0.0,0.0,0.0,0.0,0,0,0,0,0,0,0,0,0,1,0,0,0,0,0,0,1,0
489,SynDaver Labs,3000000,10,30000000,0.0,0.0,0.0,1.0,0.0,0.0,0.0,1.0,1,0,0,0,0,0,0,0,1,0,0,0,0,0,0,0,1,0
490,You Kick Ass,100000,10,1000000,0.0,1.0,0.0,0.0,0.0,0.0,0.0,1.0,1,0,0,1,0,0,0,0,0,0,0,0,0,0,0,1,0,0
491,Shark Wheel,100000,5,2000000,0.0,1.0,0.0,1.0,0.0,0.0,1.0,3.0,1,0,0,0,0,1,0,0,0,0,0,0,0,0,0,0,1,0
492,Gato Cafe,100000,20,500000,0.0,0.0,0.0,0.0,0.0,0.0,0.0,0.0,0,0,0,0,0,0,0,0,0,0,0,1,0,0,0,1,0,0
493,Sway Motorsports,300000,10,3000000,0.0,1.0,0.0,0.0,0.0,0.0,0.0,1.0,1,0,0,0,0,0,0,1,0,0,0,0,0,0,0,0,1,0
494,Spikeball,500000,10,5000000,0.0,0.0,0.0,0.0,1.0,0.0,0.0,1.0,1,0,0,0,0,1,0,0,0,0,0,0,0,0,0,0,1,0
495,the beebo,200000,20,1000000,1.0,0.0,0.0,0.0,0.0,0.0,1.0,2.0,1,0,0,1,0,0,0,0,0,0,0,0,0,0,0,0,1,0
496,Acton,1000000,3,28571429,0.0,0.0,0.0,0.0,0.0,0.0,0.0,0.0,0,0,0,0,0,1,0,0,0,0,0,0,0,0,0,0,1,0
497,McClary Brothers Drinking Vinegars,100000,15,666667,0.0,0.0,0.0,0.0,0.0,0.0,0.0,0.0,0,0,0,0,0,0,1,0,0,0,0,0,0,0,0,1,0,0
498,SIGNALVAULT,200000,12,1600000,0.0,0.0,1.0,1.0,0.0,0.0,0.0,2.0,1,0,0,0,0,0,0,0,0,0,0,0,1,0,0,0,1,0
499,O'Dang Hummus,50000,10,500000,0.0,0.0,1.0,1.0,0.0,0.0,0.0,2.0,1,0,0,0,0,0,1,0,0,0,0,0,0,0,0,0,1,0
500,Splikity,200000,10,2000000,0.0,0.0,0.0,0.0,0.0,0.0,0.0,0.0,0,0,0,0,0,0,0,0,0,0,0,0,1,0,0,0,1,0
501,Mikki Bey,300000,20,1500000,0.0,0.0,0.0,0.0,0.0,0.0,0.0,0.0,0,0,0,0,1,0,0,0,0,0,0,0,0,0,0,1,0,0
502,Loliware,150000,10,1500000,1.0,1.0,0.0,0.0,0.0,0.0,0.0,2.0,1,0,0,0,0,0,1,0,0,0,0,0,0,0,0,1,0,0
503,Foot Cardigan,250000,10,2500000,0.0,1.0,0.0,0.0,0.0,0.0,1.0,2.0,1,0,0,0,1,0,0,0,0,0,0,0,0,0,0,0,1,0
504,ValPark,300000,20,1500000,0.0,0.0,0.0,0.0,0.0,0.0,0.0,0.0,0,0,0,0,0,0,0,0,0,0,0,0,1,0,0,0,1,0
505,The Two Guys Bowtie Company,150000,10,1500000,0.0,0.0,0.0,0.0,1.0,0.0,1.0,2.0,1,0,0,0,1,0,0,0,0,0,0,0,0,0,0,0,1,0
506,nerdwax,80000,20,400000,0.0,0.0,0.0,0.0,0.0,0.0,0.0,0.0,0,0,0,0,1,0,0,0,0,0,0,0,0,0,0,0,0,1
507,Table 87,200000,10,2000000,0.0,0.0,1.0,0.0,0.0,0.0,0.0,1.0,1,0,0,0,0,0,1,0,0,0,0,0,0,0,0,0,1,0
509,milk + brookies,100000,20,500000,0.0,0.0,0.0,0.0,0.0,0.0,0.0,0.0,0,0,0,0,0,0,1,0,0,0,0,0,0,0,0,0,0,1
510,Dude Wipes,300000,10,3000000,0.0,1.0,0.0,0.0,0.0,0.0,0.0,1.0,1,0,0,0,0,0,0,0,0,1,0,0,0,0,0,0,1,0
511,Three Jerks Jerky,100000,15,666667,0.0,0.0,0.0,0.0,1.0,0.0,0.0,1.0,1,0,0,0,0,0,1,0,0,0,0,0,0,0,0,0,1,0
512,The Skinny Mirror,200000,20,1000000,0.0,0.0,0.0,0.0,0.0,0.0,0.0,0.0,0,0,0,0,1,0,0,0,0,0,0,0,0,0,0,1,0,0
513,Switch Witch,55000,25,220000,0.0,0.0,0.0,0.0,0.0,0.0,0.0,0.0,0,0,0,1,0,0,0,0,0,0,0,0,0,0,0,0,0,1
514,X Craft,500000,20,2500000,0.0,1.0,1.0,1.0,1.0,1.0,0.0,5.0,1,0,0,0,0,0,0,0,0,0,0,0,1,0,0,0,1,0
515,Rent Like a Champ,200000,10,2000000,0.0,1.0,0.0,0.0,0.0,0.0,1.0,2.0,1,0,0,0,0,0,0,0,0,0,0,0,1,0,0,0,1,0
516,Hotshot,300000,10,3000000,0.0,0.0,0.0,0.0,0.0,0.0,0.0,0.0,0,0,0,0,0,0,1,0,0,0,0,0,0,0,0,0,1,0
517,Windcatcher,200000,8,2500000,0.0,0.0,1.0,0.0,0.0,0.0,0.0,1.0,1,0,0,0,0,0,0,0,0,1,0,0,0,0,0,0,1,0
518,Stem Center USA,150000,15,1000000,0.0,0.0,1.0,0.0,0.0,0.0,0.0,1.0,1,0,0,1,0,0,0,0,0,0,0,0,0,0,0,1,0,0
519,Wink Frozen Desserts,300000,15,2000000,0.0,0.0,0.0,0.0,0.0,0.0,0.0,0.0,0,0,0,0,0,0,1,0,0,0,0,0,0,0,0,0,0,1
520,Savvy Naturals,200000,10,2000000,1.0,0.0,0.0,0.0,0.0,0.0,0.0,1.0,1,0,0,0,0,0,0,0,0,1,0,0,0,0,0,0,0,1
521,Clean Cube,300000,10,3000000,0.0,0.0,0.0,0.0,0.0,0.0,0.0,0.0,0,0,0,0,0,0,0,0,0,1,0,0,0,0,0,0,1,0
522,Simply Fit Board,125000,15,833333,0.0,0.0,1.0,0.0,0.0,1.0,0.0,1.0,1,0,0,0,0,1,0,0,0,0,0,0,0,0,0,1,0,0
523,A Fresh Sheet,100000,20,500000,0.0,0.0,0.0,0.0,0.0,0.0,0.0,0.0,0,0,0,0,0,0,0,0,0,1,0,0,0,0,0,0,1,0
524,unshrinkit,150000,10,1500000,0.0,1.0,0.0,0.0,0.0,0.0,0.0,1.0,1,0,0,0,0,0,0,0,0,1,0,0,0,0,0,0,0,1
525,Grip Clean,85000,20,425000,0.0,0.0,1.0,0.0,0.0,0.0,0.0,1.0,1,0,0,0,0,1,0,0,0,0,0,0,0,0,0,0,1,0
526,Polar Pro,500000,10,5000000,0.0,1.0,0.0,1.0,0.0,0.0,0.0,2.0,1,0,0,0,0,0,0,0,0,0,0,0,1,0,0,0,1,0
527,Advanced Sports Technology,160000,10,1600000,0.0,0.0,0.0,0.0,0.0,0.0,0.0,0.0,0,0,0,0,0,1,0,0,0,0,0,0,0,0,0,0,1,0
528,Brazi Bites,200000,10,2000000,0.0,0.0,1.0,0.0,0.0,0.0,0.0,1.0,1,0,0,0,0,0,1,0,0,0,0,0,0,0,0,0,0,1
529,Umano,150000,15,1000000,0.0,1.0,1.0,0.0,0.0,0.0,0.0,2.0,1,0,0,0,1,0,0,0,0,0,0,0,0,0,0,0,1,0
530,Sock Tabs,50000,20,250000,0.0,0.0,0.0,0.0,1.0,0.0,0.0,1.0,1,0,0,0,0,0,0,0,0,1,0,0,0,0,0,0,0,1
531,Leaux Racing Trikes,120000,20,600000,0.0,0.0,0.0,0.0,0.0,0.0,0.0,0.0,0,0,0,0,0,1,0,0,0,0,0,0,0,0,0,0,1,0
532,Glow Recipe,425000,10,4250000,0.0,0.0,0.0,1.0,0.0,0.0,0.0,1.0,1,0,0,0,1,0,0,0,0,0,0,0,0,0,0,1,0,0
533,Sarah Oliver Handbags,250000,20,1250000,0.0,0.0,1.0,1.0,0.0,1.0,0.0,3.0,1,0,0,0,1,0,0,0,0,0,0,0,0,0,0,1,0,0
534,Trunkster,1400000,5,28000000,0.0,1.0,1.0,0.0,0.0,0.0,0.0,2.0,1,0,0,0,0,0,0,0,0,1,0,0,0,0,0,0,1,0
535,geekmytree,225000,25,900000,0.0,0.0,0.0,0.0,0.0,1.0,0.0,1.0,1,0,0,0,0,0,0,0,0,1,0,0,0,0,0,0,1,0
536,Beard Head,250000,25,1000000,0.0,0.0,0.0,0.0,0.0,0.0,0.0,0.0,0,0,0,0,1,0,0,0,0,0,0,0,0,0,0,0,1,0
537,Lovepop,300000,10,3000000,0.0,0.0,0.0,0.0,0.0,1.0,0.0,1.0,1,0,0,0,0,0,0,0,0,1,0,0,0,0,0,0,1,0
538,Piper Wei,50000,10,500000,1.0,0.0,0.0,0.0,0.0,0.0,0.0,1.0,1,0,0,0,1,0,0,0,0,0,0,0,0,0,0,1,0,0
539,Abs Protein Pancakes,120000,40,300000,0.0,0.0,0.0,0.0,1.0,0.0,0.0,1.0,1,0,0,0,0,0,1,0,0,0,0,0,0,0,0,0,0,1
540,Extreme Sandbox,150000,15,1000000,0.0,1.0,0.0,0.0,0.0,1.0,0.0,2.0,1,0,0,1,0,0,0,0,0,0,0,0,0,0,0,0,1,0
541,Total Tie Keep,50000,25,200000,0.0,0.0,0.0,0.0,0.0,0.0,0.0,0.0,0,0,0,0,1,0,0,0,0,0,0,0,0,0,0,0,1,0
542,Fireavert,300000,7,4285714,0.0,0.0,0.0,0.0,0.0,0.0,0.0,0.0,0,0,0,0,0,0,0,0,0,1,0,0,0,0,0,0,1,0
543,spretz,100000,20,500000,0.0,0.0,0.0,0.0,0.0,0.0,0.0,0.0,0,0,0,0,0,0,0,0,0,1,0,0,0,0,0,0,1,0
544,Hungry Harvest,50000,5,1000000,0.0,0.0,0.0,1.0,0.0,0.0,0.0,1.0,1,0,0,0,0,0,1,0,0,0,0,0,0,0,0,0,1,0
545,Controlled Chaos,50000,20,250000,1.0,0.0,0.0,0.0,0.0,0.0,0.0,1.0,1,0,0,0,1,0,0,0,0,0,0,0,0,0,0,1,0,0
546,EZPZ,1000000,5,20000000,0.0,0.0,0.0,0.0,0.0,0.0,0.0,0.0,0,0,0,0,0,0,1,0,0,0,0,0,0,0,0,1,0,0
547,Fixed,700000,5,14000000,0.0,1.0,0.0,0.0,0.0,0.0,0.0,1.0,1,0,0,0,0,0,0,0,0,0,0,0,1,0,0,0,1,0
548,Hatch Baby,250000,2,10000000,0.0,0.0,0.0,0.0,0.0,0.0,1.0,1.0,1,0,0,1,0,0,0,0,0,0,0,0,0,0,0,0,0,1
549,Village Scholarships,125000,10,1250000,0.0,0.0,0.0,0.0,0.0,0.0,0.0,0.0,0,0,0,1,0,0,0,0,0,0,0,0,0,0,0,0,0,1
550,Beard King,100000,20,500000,0.0,0.0,1.0,0.0,0.0,0.0,0.0,1.0,1,0,0,0,1,0,0,0,0,0,0,0,0,0,0,0,0,1
551,Shefit,250000,20,1250000,0.0,0.0,0.0,0.0,1.0,0.0,0.0,1.0,1,0,0,0,0,1,0,0,0,0,0,0,0,0,0,0,0,1
552,Co.alition,200000,20,1000000,0.0,0.0,0.0,0.0,0.0,0.0,0.0,0.0,0,0,0,0,0,0,0,0,0,0,0,0,1,0,0,0,1,0
553,icybreeze,50000,5,1000000,0.0,0.0,0.0,0.0,0.0,0.0,0.0,0.0,0,0,0,0,0,0,0,0,0,0,0,0,0,1,0,0,1,0
554,2400 Expert,250000,10,2500000,0.0,1.0,0.0,0.0,0.0,0.0,0.0,1.0,1,0,0,1,0,0,0,0,0,0,0,0,0,0,0,0,1,0
555,R. Riveter,100000,20,500000,0.0,1.0,0.0,0.0,0.0,0.0,0.0,1.0,1,0,0,0,1,0,0,0,0,0,0,0,0,0,0,1,0,0
556,Beartek,500000,5,10000000,0.0,0.0,0.0,0.0,0.0,0.0,0.0,0.0,0,0,0,0,0,0,0,0,0,0,1,0,0,0,0,0,1,0
557,Major Mom,150000,20,750000,0.0,0.0,0.0,0.0,0.0,0.0,0.0,0.0,0,0,0,0,0,0,0,0,0,1,0,0,0,0,0,1,0,0
558,Combat Flip Flops,150000,10,1500000,0.0,1.0,1.0,0.0,1.0,0.0,0.0,3.0,1,0,0,0,1,0,0,0,0,0,0,0,0,0,0,0,1,0
559,SmartPlate,1000000,15,6666667,0.0,0.0,0.0,0.0,0.0,0.0,0.0,0.0,0,0,0,0,0,0,0,0,1,0,0,0,0,0,0,0,1,0
560,Bee Free Honee,100000,10,1000000,1.0,1.0,0.0,0.0,0.0,0.0,1.0,3.0,1,0,0,0,0,0,1,0,0,0,0,0,0,0,0,1,0,0
561,Float Baby,150000,20,750000,0.0,0.0,0.0,0.0,0.0,0.0,0.0,0.0,0,0,0,1,0,0,0,0,0,0,0,0,0,0,0,1,0,0
562,MTAILOR,2500000,10,25000000,0.0,0.0,0.0,0.0,0.0,0.0,0.0,0.0,0,0,0,0,1,0,0,0,0,0,0,0,0,0,0,0,1,0
563,Sworkit,1500000,8,18750000,0.0,1.0,0.0,0.0,0.0,0.0,0.0,1.0,1,0,0,0,0,1,0,0,0,0,0,0,0,0,0,0,1,0
564,Clean Sleep,1500000,15,10000000,0.0,0.0,0.0,0.0,0.0,0.0,0.0,0.0,0,0,0,0,0,0,0,0,0,1,0,0,0,0,0,0,1,0
565,tutu blue,200000,25,800000,0.0,0.0,0.0,0.0,0.0,0.0,0.0,0.0,0,0,0,0,1,0,0,0,0,0,0,0,0,0,0,1,0,0
566,Nohbo,100000,20,500000,0.0,1.0,0.0,0.0,0.0,0.0,0.0,1.0,1,0,0,0,0,0,0,1,0,0,0,0,0,0,0,0,1,0
567,Insta-Fire,300000,10,3000000,0.0,1.0,1.0,0.0,0.0,0.0,0.0,2.0,1,0,0,0,0,0,0,0,0,1,0,0,0,0,0,0,1,0
568,Custard Stand Hot Dog Chili,400000,10,4000000,0.0,0.0,0.0,0.0,0.0,0.0,0.0,0.0,0,0,0,0,0,0,1,0,0,0,0,0,0,0,0,0,0,1
569,PRx,80000,10,800000,0.0,0.0,0.0,0.0,0.0,1.0,0.0,1.0,1,0,0,0,0,1,0,0,0,0,0,0,0,0,0,0,1,0
570,Rags to Raches,200000,10,2000000,0.0,0.0,0.0,1.0,0.0,0.0,0.0,1.0,1,0,0,0,1,0,0,0,0,0,0,0,0,0,0,1,0,0
571,BetterBack,750000,7,10000000,0.0,0.0,1.0,0.0,0.0,0.0,0.0,1.0,1,0,0,0,0,0,0,0,1,0,0,0,0,0,0,1,0,0
572,Glace Cryotherapy,100000,15,666667,1.0,0.0,0.0,0.0,0.0,0.0,0.0,1.0,1,0,0,0,0,0,0,0,1,0,0,0,0,0,0,0,0,1
573,Linka,250000,10,2500000,0.0,0.0,0.0,0.0,0.0,0.0,0.0,0.0,0,0,0,0,0,1,0,0,0,0,0,0,0,0,0,0,1,0
574,Teaspresso,50000,10,500000,0.0,0.0,0.0,0.0,0.0,0.0,0.0,0.0,0,0,0,0,0,0,1,0,0,0,0,0,0,0,0,1,0,0
575,Mob Craft,400000,16,2500000,0.0,0.0,0.0,0.0,0.0,0.0,0.0,0.0,0,0,0,0,0,0,1,0,0,0,0,0,0,0,0,0,1,0
576,Beloved,175000,5,3500000,0.0,0.0,0.0,0.0,0.0,0.0,0.0,0.0,0,0,0,0,1,0,0,0,0,0,0,0,0,0,0,0,1,0
577,IlumiBowl,100000,15,666667,0.0,0.0,0.0,0.0,0.0,1.0,0.0,1.0,1,0,0,0,0,0,0,0,0,1,0,0,0,0,0,0,1,0
578,Innovation Pet,250000,5,5000000,0.0,0.0,0.0,0.0,0.0,1.0,0.0,1.0,1,0,0,0,0,0,0,0,0,0,0,1,0,0,0,0,0,1
579,Beer Blizzard,100000,10,1000000,0.0,1.0,0.0,0.0,0.0,0.0,0.0,1.0,1,0,0,0,0,0,1,0,0,0,0,0,0,0,0,0,1,0
580,Vengo,2000000,12,16000000,1.0,0.0,0.0,0.0,0.0,1.0,0.0,2.0,1,0,0,0,0,0,1,0,0,0,0,0,0,0,0,0,1,0
581,The Good Promise,100000,20,500000,0.0,0.0,0.0,0.0,0.0,0.0,0.0,0.0,0,0,0,0,0,0,1,0,0,0,0,0,0,0,0,1,0,0
582,Wondercide,500000,5,10000000,0.0,0.0,1.0,0.0,0.0,0.0,0.0,1.0,1,0,0,0,0,0,0,0,0,0,0,1,0,0,0,1,0,0
583,Pride Bites,200000,10,2000000,0.0,0.0,1.0,1.0,0.0,0.0,0.0,2.0,1,0,0,0,0,0,0,0,0,0,0,1,0,0,0,0,1,0
584,Trobo,100000,10,1000000,0.0,0.0,0.0,1.0,0.0,0.0,0.0,1.0,1,0,0,1,0,0,0,0,0,0,0,0,0,0,0,0,1,0
585,NoPhone,25000,15,166667,0.0,0.0,0.0,0.0,0.0,0.0,0.0,0.0,0,0,0,0,0,0,0,0,0,0,0,0,0,0,1,0,1,0
586,Coolbox,500000,10,5000000,0.0,0.0,1.0,0.0,0.0,0.0,0.0,1.0,1,0,0,0,0,0,0,0,0,1,0,0,0,0,0,0,1,0
587,Petnostics,300000,10,3000000,0.0,0.0,1.0,0.0,0.0,1.0,0.0,2.0,1,0,0,0,0,0,0,0,0,0,0,1,0,0,0,0,1,0
588,Frends,1000000,7,13157895,0.0,0.0,0.0,0.0,0.0,0.0,0.0,0.0,0,0,0,0,1,0,0,0,0,0,0,0,0,0,0,0,1,0
589,Popslate,500000,5,10000000,0.0,0.0,0.0,0.0,0.0,0.0,0.0,0.0,0,0,0,0,0,0,0,0,0,0,0,0,1,0,0,0,1,0
590,Slyde Handboards,200000,15,1333333,0.0,1.0,0.0,0.0,0.0,0.0,1.0,2.0,1,0,0,0,0,1,0,0,0,0,0,0,0,0,0,0,0,1
591,The Drip Drop,50000,20,250000,1.0,0.0,0.0,0.0,0.0,0.0,0.0,1.0,1,0,0,0,0,0,1,0,0,0,0,0,0,0,0,0,1,0
592,Jarrett & Raja Productions,750000,40,1875000,0.0,0.0,0.0,0.0,0.0,0.0,0.0,0.0,0,0,0,0,0,0,0,0,0,0,1,0,0,0,0,0,1,0
593,KidRunner,500000,20,2500000,0.0,0.0,0.0,0.0,0.0,0.0,0.0,0.0,0,0,0,0,0,1,0,0,0,0,0,0,0,0,0,0,1,0
594,InchBug,400000,10,4000000,0.0,0.0,0.0,0.0,0.0,0.0,0.0,0.0,0,0,0,1,0,0,0,0,0,0,0,0,0,0,0,1,0,0
595,FashionTap,100000,10,1000000,0.0,0.0,0.0,0.0,0.0,0.0,0.0,0.0,0,0,0,0,1,0,0,0,0,0,0,0,0,0,0,1,0,0
596,brellabox,400000,20,2000000,0.0,0.0,0.0,0.0,0.0,0.0,0.0,0.0,0,0,0,0,0,0,0,0,0,0,0,0,0,0,1,0,0,1
597,My Fruity Faces,200000,10,2000000,0.0,0.0,0.0,0.0,0.0,0.0,0.0,0.0,0,0,0,0,0,0,1,0,0,0,0,0,0,0,0,0,1,0
598,brightwheel,400000,4,10000000,0.0,1.0,0.0,0.0,0.0,0.0,1.0,2.0,1,0,0,1,0,0,0,0,0,0,0,0,0,0,0,0,1,0
599,dollop gourmet,75000,20,375000,1.0,0.0,0.0,0.0,0.0,0.0,0.0,1.0,1,0,0,0,0,0,1,0,0,0,0,0,0,0,0,1,0,0
600,Creaproducts,200000,10,2000000,1.0,0.0,0.0,0.0,0.0,0.0,0.0,1.0,1,0,0,0,1,0,0,0,0,0,0,0,0,0,0,1,0,0
601,Yourself Expression,50000,20,250000,0.0,0.0,0.0,0.0,0.0,0.0,0.0,0.0,0,0,0,0,1,0,0,0,0,0,0,0,0,0,0,0,0,1
602,The Spooner,400000,16,2500000,1.0,1.0,0.0,0.0,0.0,0.0,0.0,2.0,1,0,0,0,0,1,0,0,0,0,0,0,0,0,0,0,1,0
603,Camp No Counselors,300000,7,4000000,0.0,0.0,0.0,0.0,0.0,0.0,0.0,0.0,0,0,0,0,0,1,0,0,0,0,0,0,0,0,0,0,1,0
604,EVP Extreme Vehicle Protection,50000,20,250000,0.0,0.0,0.0,0.0,1.0,0.0,0.0,1.0,1,1,0,0,0,0,0,0,0,0,0,0,0,0,0,0,1,0
605,Gladiator Lacrosse,100000,15,666667,0.0,0.0,0.0,0.0,0.0,0.0,0.0,0.0,0,0,0,0,0,1,0,0,0,0,0,0,0,0,0,1,0,0
606,VPCABS,200000,10,2000000,0.0,0.0,0.0,0.0,1.0,0.0,0.0,1.0,1,0,0,0,0,0,0,0,0,0,1,0,0,0,0,0,1,0
607,Pete & Pedro,100000,10,1000000,1.0,0.0,0.0,0.0,0.0,0.0,0.0,1.0,1,0,0,0,1,0,0,0,0,0,0,0,0,0,0,0,1,0
608,PMS Bites,50000,20,250000,0.0,0.0,0.0,0.0,0.0,0.0,0.0,0.0,0,0,0,0,0,0,1,0,0,0,0,0,0,0,0,1,0,0
609,Felt,200000,6,3333333,0.0,0.0,0.0,0.0,0.0,1.0,0.0,1.0,1,0,0,0,0,0,0,0,0,1,0,0,0,0,0,0,1,0
610,Pavlok,500000,3,15923567,0.0,0.0,0.0,0.0,0.0,0.0,0.0,0.0,0,0,0,0,0,0,0,0,0,0,0,0,0,0,1,0,1,0
611,Fizzics,500000,4,12500000,0.0,1.0,1.0,0.0,0.0,0.0,0.0,2.0,1,0,0,0,0,0,1,0,0,0,0,0,0,0,0,0,1,0
612,Spoonful of Comfort,400000,10,4000000,0.0,0.0,0.0,0.0,0.0,0.0,0.0,0.0,0,0,0,0,0,0,1,0,0,0,0,0,0,0,0,0,0,1
613,iSlide,500000,5,10000000,0.0,0.0,0.0,0.0,0.0,0.0,0.0,0.0,0,0,0,0,1,0,0,0,0,0,0,0,0,0,0,0,1,0
614,Rethink,100000,20,500000,0.0,1.0,1.0,0.0,0.0,0.0,0.0,2.0,1,0,0,0,0,0,0,0,0,0,0,0,1,0,0,1,0,0
615,The Lapel Project,150000,20,750000,0.0,1.0,0.0,0.0,0.0,0.0,0.0,1.0,1,0,0,0,1,0,0,0,0,0,0,0,0,0,0,0,1,0
616,Good Hangups,100000,10,1000000,0.0,0.0,1.0,0.0,0.0,0.0,0.0,1.0,1,0,0,0,0,0,0,0,0,1,0,0,0,0,0,1,0,0
617,Ice Age Meals,1000000,10,10000000,0.0,0.0,0.0,0.0,0.0,0.0,0.0,0.0,0,0,0,0,0,0,1,0,0,0,0,0,0,0,0,0,1,0
618,Tactibite,150000,10,1500000,0.0,0.0,0.0,1.0,0.0,0.0,0.0,1.0,1,0,0,0,0,1,0,0,0,0,0,0,0,0,0,0,1,0
619,Raising Wild,100000,20,500000,1.0,0.0,0.0,0.0,0.0,0.0,0.0,1.0,1,0,0,0,1,0,0,0,0,0,0,0,0,0,0,1,0,0
620,The Cookie Kahuna,50000,20,250000,0.0,0.0,0.0,0.0,0.0,0.0,0.0,0.0,0,0,0,0,0,0,1,0,0,0,0,0,0,0,0,0,1,0
621,TekDry,500000,5,10000000,0.0,0.0,0.0,0.0,0.0,1.0,0.0,1.0,1,0,0,0,0,0,0,0,0,0,0,0,1,0,0,0,1,0
622,Night Runner 270,250000,10,2500000,0.0,0.0,0.0,1.0,0.0,0.0,0.0,1.0,1,0,0,0,0,1,0,0,0,0,0,0,0,0,0,0,0,1
623,Solemates,500000,10,5000000,0.0,0.0,0.0,1.0,0.0,0.0,0.0,1.0,1,0,0,0,1,0,0,0,0,0,0,0,0,0,0,1,0,0
624,Atlantic Candies,1000000,10,10000000,0.0,0.0,0.0,0.0,0.0,0.0,0.0,0.0,0,0,0,0,0,0,1,0,0,0,0,0,0,0,0,0,1,0
625,biem,500000,5,10000000,0.0,0.0,1.0,0.0,0.0,0.0,0.0,1.0,1,0,0,0,0,0,1,0,0,0,0,0,0,0,0,0,1,0
626,Angels and Tomboys,55000,20,275000,0.0,1.0,0.0,0.0,1.0,0.0,0.0,2.0,1,0,0,0,1,0,0,0,0,0,0,0,0,0,0,1,0,0
627,SandiLake Clothing,100000,10,1000000,0.0,0.0,0.0,0.0,0.0,0.0,0.0,0.0,0,0,0,1,0,0,0,0,0,0,0,0,0,0,0,1,0,0
628,Parker Maple Farm,200000,20,1000000,0.0,0.0,0.0,0.0,0.0,0.0,0.0,0.0,0,0,0,0,0,0,1,0,0,0,0,0,0,0,0,0,1,0
629,SafeGrabs,75000,12,625000,0.0,0.0,1.0,0.0,0.0,0.0,0.0,1.0,1,0,0,0,0,0,0,0,0,1,0,0,0,0,0,1,0,0
630,SiliDogs,100000,15,666667,0.0,0.0,1.0,0.0,0.0,0.0,0.0,1.0,1,0,0,0,0,0,0,0,0,0,0,1,0,0,0,0,1,0
631,Lulu Bang,150000,10,1500000,0.0,0.0,0.0,0.0,0.0,0.0,0.0,0.0,0,0,0,0,0,0,1,0,0,0,0,0,0,0,0,1,0,0
632,Unpack,500000,40,1250000,0.0,0.0,0.0,0.0,0.0,0.0,0.0,0.0,0,0,0,0,0,0,0,0,0,0,0,0,0,1,0,0,1,0
633,sunscreeenr,800000,10,8000000,0.0,0.0,0.0,0.0,0.0,1.0,0.0,1.0,1,0,0,0,0,0,0,0,1,0,0,0,0,0,0,0,1,0
634,Potato Parcel,50000,10,500000,0.0,0.0,0.0,0.0,0.0,1.0,0.0,1.0,1,0,0,0,0,0,0,0,0,0,1,0,0,0,0,0,1,0
635,EcoFlower,400000,10,4000000,0.0,0.0,0.0,0.0,1.0,0.0,0.0,1.0,1,0,0,0,0,0,0,0,0,1,0,0,0,0,0,1,0,0
636,Style Club,500000,20,2500000,0.0,1.0,0.0,0.0,0.0,0.0,0.0,1.0,1,0,0,0,1,0,0,0,0,0,0,0,0,0,0,1,0,0
637,SafeCatch,600000,3,20000000,0.0,0.0,0.0,0.0,0.0,0.0,0.0,0.0,0,0,0,0,0,0,1,0,0,0,0,0,0,0,0,0,1,0
638,#besomebody,1000000,10,10000000,0.0,0.0,0.0,0.0,0.0,0.0,0.0,0.0,0,0,0,0,0,0,0,0,0,0,0,0,1,0,0,0,1,0
639,Milk Snob,125000,5,2500000,0.0,0.0,1.0,0.0,0.0,0.0,0.0,1.0,1,0,0,1,0,0,0,0,0,0,0,0,0,0,0,1,0,0
640,Jack's Stands & Marketplaces,50000,10,500000,0.0,0.0,0.0,0.0,0.0,0.0,1.0,1.0,1,0,0,1,0,0,0,0,0,0,0,0,0,0,0,0,1,0
641,Chi'lantro,600000,15,4000000,1.0,0.0,0.0,0.0,0.0,0.0,0.0,1.0,1,0,0,0,0,0,1,0,0,0,0,0,0,0,0,0,1,0
642,Toor,500000,10,5000000,1.0,0.0,0.0,0.0,0.0,1.0,0.0,2.0,1,0,0,0,0,0,0,0,0,1,0,0,0,0,0,0,1,0
643,PupBox,250000,10,2500000,0.0,0.0,0.0,1.0,0.0,0.0,0.0,1.0,1,0,0,0,0,0,0,0,0,0,0,1,0,0,0,0,0,1
644,Barbell Apparel,500000,5,10000000,0.0,0.0,0.0,0.0,0.0,0.0,0.0,0.0,0,0,0,0,1,0,0,0,0,0,0,0,0,0,0,0,1,0
645,energybits,500000,5,10000000,0.0,0.0,0.0,0.0,0.0,0.0,0.0,0.0,0,0,0,0,0,0,1,0,0,0,0,0,0,0,0,1,0,0
646,Line Cutterz,120000,20,600000,0.0,0.0,0.0,0.0,1.0,0.0,0.0,1.0,1,0,0,0,0,1,0,0,0,0,0,0,0,0,0,0,1,0
647,Inboard,750000,4,18750000,0.0,0.0,1.0,0.0,0.0,1.0,0.0,2.0,1,0,0,0,0,1,0,0,0,0,0,0,0,0,0,0,1,0
648,petplate,100000,10,1000000,0.0,0.0,0.0,0.0,0.0,0.0,0.0,0.0,0,0,0,0,0,0,0,0,0,0,0,1,0,0,0,0,1,0
649,Nootrobox,2000000,5,40000000,0.0,0.0,0.0,0.0,0.0,0.0,0.0,0.0,0,0,0,0,0,0,1,0,0,0,0,0,0,0,0,0,1,0
650,nomiku,250000,5,5000000,0.0,0.0,0.0,0.0,0.0,0.0,1.0,1.0,1,0,0,0,0,0,1,0,0,0,0,0,0,0,0,0,0,1
651,Sealed by Santa,150000,20,750000,0.0,0.0,1.0,0.0,0.0,0.0,0.0,1.0,1,0,0,1,0,0,0,0,0,0,0,0,0,0,0,1,0,0
652,Polyglide,150000,20,0,0.0,0.0,0.0,0.0,0.0,0.0,0.0,0.0,0,0,0,0,0,1,0,0,0,0,0,0,0,0,0,0,1,0
653,Digiwrap,150000,10,1500000,0.0,0.0,0.0,0.0,0.0,1.0,0.0,1.0,1,0,0,0,0,0,0,0,0,1,0,0,0,0,0,0,1,0
654,Hand Out Gloves,150000,20,750000,1.0,0.0,0.0,0.0,0.0,0.0,0.0,1.0,0,0,0,0,0,1,0,0,0,0,0,0,0,0,0,0,1,0
655,PDX Pet Design,300000,15,2000000,0.0,0.0,0.0,0.0,0.0,0.0,0.0,0.0,0,0,0,0,0,0,0,0,0,0,0,1,0,0,0,0,0,1
656,Basic Outfitters,125000,10,1250000,0.0,0.0,0.0,0.0,0.0,0.0,0.0,0.0,0,0,0,0,1,0,0,0,0,0,0,0,0,0,0,0,0,1
657,Victory Coffees,250000,20,1250000,0.0,0.0,0.0,0.0,0.0,0.0,0.0,0.0,0,0,0,0,0,0,1,0,0,0,0,0,0,0,0,0,1,0
658,Naturally Perfect Dolls,200000,20,1000000,0.0,0.0,0.0,0.0,1.0,0.0,0.0,1.0,1,0,0,1,0,0,0,0,0,0,0,0,0,0,0,0,0,1
659,Grease Bags,75000,25,300000,1.0,0.0,0.0,0.0,0.0,0.0,0.0,1.0,1,0,0,0,0,0,0,0,0,1,0,0,0,0,0,1,0,0
660,Pinblock,100000,20,500000,0.0,0.0,0.0,0.0,0.0,1.0,0.0,1.0,1,0,0,1,0,0,0,0,0,0,0,0,0,0,0,0,1,0
661,Mama's Milk Box,200000,20,1000000,0.0,0.0,0.0,0.0,0.0,0.0,0.0,0.0,0,0,0,0,1,0,0,0,0,0,0,0,0,0,0,1,0,0
662,nicepipes,100000,10,1000000,0.0,0.0,0.0,0.0,0.0,0.0,0.0,0.0,0,0,0,0,1,0,0,0,0,0,0,0,0,0,0,1,0,0
663,Chirps,100000,7,1428571,0.0,1.0,0.0,0.0,0.0,0.0,0.0,1.0,1,0,0,0,0,0,1,0,0,0,0,0,0,0,0,1,0,0
664,Vibes,100000,20,0,0.0,0.0,0.0,0.0,0.0,0.0,0.0,0.0,0,0,0,0,0,0,0,0,0,0,1,0,0,0,0,0,1,0
665,PopUp Play,250000,6,4166667,0.0,0.0,0.0,0.0,0.0,0.0,1.0,1.0,1,0,0,1,0,0,0,0,0,0,0,0,0,0,0,0,0,1
666,Getaway,500000,5,10000000,0.0,0.0,0.0,0.0,0.0,0.0,0.0,0.0,0,0,0,0,0,1,0,0,0,0,0,0,0,0,0,0,1,0
667,Kooler,50000,15,333333,0.0,0.0,0.0,0.0,1.0,0.0,0.0,1.0,1,0,0,0,0,1,0,0,0,0,0,0,0,0,0,0,1,0
668,Little Nomad,80000,15,533333,0.0,0.0,0.0,0.0,0.0,0.0,0.0,0.0,0,0,0,0,0,0,0,0,0,1,0,0,0,0,0,1,0,0
669,RinseKit,250000,5,5000000,0.0,0.0,0.0,0.0,1.0,0.0,0.0,1.0,1,0,0,0,0,1,0,0,0,0,0,0,0,0,0,0,1,0
670,Dbest products,350000,5,7000000,0.0,1.0,1.0,0.0,0.0,0.0,0.0,2.0,1,0,0,0,0,0,0,0,0,1,0,0,0,0,0,0,1,0
671,Tranquilo,100000,10,1000000,0.0,0.0,0.0,1.0,0.0,0.0,0.0,1.0,1,0,0,1,0,0,0,0,0,0,0,0,0,0,0,1,0,0
672,Doc Spartan,75000,15,500000,0.0,0.0,0.0,1.0,0.0,0.0,0.0,1.0,1,0,0,0,0,0,0,0,1,0,0,0,0,0,0,0,0,1
673,Peaceful Fruits,75000,20,375000,0.0,0.0,0.0,0.0,0.0,0.0,0.0,0.0,0,0,0,0,0,0,1,0,0,0,0,0,0,0,0,0,1,0
674,Firefighter Turnout Bags,250000,33,757576,0.0,0.0,1.0,0.0,0.0,0.0,0.0,1.0,1,0,0,0,1,0,0,0,0,0,0,0,0,0,0,0,0,1
675,Toymail,250000,2,10000000,0.0,0.0,1.0,0.0,0.0,0.0,1.0,2.0,1,0,0,1,0,0,0,0,0,0,0,0,0,0,0,1,0,0
676,EDN WallGarden,150000,10,1500000,0.0,0.0,0.0,0.0,0.0,0.0,0.0,0.0,0,0,0,0,0,0,0,1,0,0,0,0,0,0,0,0,1,0
677,Hotels By Day,750000,10,7500000,0.0,0.0,0.0,0.0,0.0,0.0,0.0,0.0,0,0,0,0,0,0,0,0,0,0,0,0,0,1,0,0,1,0
678,Bitsbox,250000,3,8333333,0.0,0.0,0.0,0.0,0.0,0.0,0.0,0.0,0,0,0,1,0,0,0,0,0,0,0,0,0,0,0,0,1,0
679,Sand Cloud,200000,8,2500000,0.0,0.0,0.0,1.0,0.0,0.0,0.0,1.0,1,0,0,0,0,1,0,0,0,0,0,0,0,0,0,0,1,0
680,Ora Organics,375000,5,7500000,0.0,0.0,0.0,0.0,0.0,0.0,0.0,0.0,0,0,0,0,0,0,0,0,1,0,0,0,0,0,0,0,1,0
681,Dart Drones,300000,10,3000000,0.0,1.0,0.0,0.0,0.0,0.0,0.0,1.0,1,0,0,0,0,0,0,0,0,0,0,0,1,0,0,1,0,0
682,elephant pants,500000,10,5000000,0.0,0.0,0.0,0.0,1.0,0.0,0.0,1.0,1,0,0,0,1,0,0,0,0,0,0,0,0,0,0,0,1,0
683,The Sleep Styler,75000,20,375000,0.0,0.0,1.0,0.0,0.0,0.0,0.0,1.0,1,0,0,0,1,0,0,0,0,0,0,0,0,0,0,1,0,0
684,Blentique Wine Company,250000,10,2500000,0.0,0.0,1.0,0.0,0.0,0.0,0.0,1.0,1,0,0,0,0,0,1,0,0,0,0,0,0,0,0,0,1,0
685,MealEnders,350000,8,4375000,0.0,0.0,0.0,0.0,0.0,0.0,0.0,0.0,0,0,0,0,0,0,1,0,0,0,0,0,0,0,0,0,1,0
686,Rareform,300000,10,3000000,0.0,0.0,0.0,0.0,0.0,1.0,0.0,1.0,1,0,0,0,1,0,0,0,0,0,0,0,0,0,0,0,1,0
687,Apollo Peak,100000,10,1000000,0.0,0.0,0.0,0.0,0.0,1.0,0.0,1.0,1,0,0,0,0,0,0,0,0,0,0,1,0,0,0,0,1,0
688,seedsheet,500000,10,5000000,0.0,0.0,0.0,1.0,0.0,0.0,0.0,1.0,1,0,0,0,0,0,0,0,0,1,0,0,0,0,0,0,1,0
689,cropsticks,75000,12,600000,0.0,0.0,0.0,0.0,0.0,0.0,0.0,0.0,0,0,0,0,0,0,0,0,0,1,0,0,0,0,0,1,0,0
690,Under The Weather,600000,10,6000000,0.0,1.0,0.0,0.0,0.0,0.0,0.0,1.0,1,0,0,0,0,1,0,0,0,0,0,0,0,0,0,0,1,0
691,Guard Llama,100000,5,2000000,1.0,0.0,0.0,0.0,0.0,0.0,0.0,1.0,1,0,0,0,0,0,0,0,0,0,0,0,1,0,0,0,1,0
692,Flag,375000,5,7500000,0.0,0.0,0.0,0.0,0.0,0.0,0.0,0.0,0,0,0,0,0,0,0,0,0,1,0,0,0,0,0,0,0,1
693,Validated,250000,8,3125000,0.0,0.0,0.0,0.0,0.0,0.0,0.0,0.0,0,0,0,0,0,0,0,0,0,0,0,0,1,0,0,0,1,0
694,Guardian Bikes,500000,10,5000000,0.0,1.0,0.0,0.0,0.0,0.0,0.0,1.0,1,0,0,0,0,1,0,0,0,0,0,0,0,0,0,0,1,0
695,Goverre,200000,13,1538462,0.0,1.0,1.0,1.0,0.0,0.0,0.0,3.0,1,0,0,0,0,0,0,0,0,1,0,0,0,0,0,1,0,0
696,See Rescue Streamer,200000,20,1000000,0.0,0.0,0.0,0.0,0.0,0.0,0.0,0.0,0,0,0,0,0,1,0,0,0,0,0,0,0,0,0,0,1,0
697,BootyQueen Apparel,250000,20,1250000,0.0,0.0,0.0,0.0,1.0,0.0,0.0,1.0,1,0,0,0,1,0,0,0,0,0,0,0,0,0,0,0,0,1
698,LocTote,150000,5,3000000,0.0,0.0,0.0,1.0,0.0,0.0,0.0,1.0,0,0,0,0,1,0,0,0,0,0,0,0,0,0,0,0,1,0
699,Thompson Tee,700000,7,10000000,0.0,0.0,0.0,1.0,0.0,0.0,0.0,1.0,1,0,0,0,1,0,0,0,0,0,0,0,0,0,0,0,1,0
700,Wallet Buckle,500000,10,5000000,0.0,0.0,0.0,0.0,0.0,0.0,0.0,0.0,0,0,0,0,1,0,0,0,0,0,0,0,0,0,0,0,1,0
701,Rumi Spice,250000,5,5000000,0.0,1.0,0.0,0.0,0.0,0.0,0.0,1.0,1,0,0,0,0,0,1,0,0,0,0,0,0,0,0,0,0,1
702,Peoples Design,75000,25,300000,0.0,0.0,1.0,0.0,0.0,0.0,0.0,1.0,1,0,0,0,0,0,0,0,0,1,0,0,0,0,0,0,1,0
703,Wine & Design,500000,10,5000000,0.0,0.0,0.0,0.0,0.0,1.0,0.0,1.0,1,0,0,0,0,0,0,0,0,0,1,0,0,0,0,0,0,1
704,Rocket Book,400000,10,4000000,0.0,0.0,0.0,0.0,0.0,0.0,0.0,0.0,0,0,0,0,0,0,0,0,0,0,0,0,1,0,0,0,1,0
705,Laid Brand,30000,30,100000,0.0,0.0,0.0,0.0,0.0,0.0,0.0,0.0,0,0,0,0,1,0,0,0,0,0,0,0,0,0,0,0,1,0
706,Bridal Buddy,75000,10,750000,0.0,0.0,1.0,0.0,0.0,1.0,0.0,2.0,1,0,0,0,1,0,0,0,0,0,0,0,0,0,0,1,0,0
707,Locker Board,60000,15,400000,0.0,0.0,0.0,0.0,0.0,0.0,1.0,1.0,1,0,0,0,0,1,0,0,0,0,0,0,0,0,0,0,0,1
708,Wyp Aviation,500000,20,2500000,0.0,0.0,0.0,0.0,0.0,0.0,0.0,0.0,0,0,0,0,0,1,0,0,0,0,0,0,0,0,0,0,1,0
709,Sierra Madre Research,175000,15,1166667,0.0,0.0,0.0,0.0,0.0,0.0,1.0,1.0,1,0,0,0,0,1,0,0,0,0,0,0,0,0,0,0,0,1
710,Simple Habit,600000,5,12000000,0.0,0.0,0.0,0.0,0.0,0.0,0.0,0.0,0,0,0,0,0,0,0,0,1,0,0,0,0,0,0,1,0,0
711,Seventy2,100000,5,2000000,0.0,0.0,0.0,1.0,0.0,0.0,0.0,1.0,1,0,0,0,0,0,0,0,0,1,0,0,0,0,0,0,1,0
712,Jackson's Honest,1250000,5,25000000,0.0,0.0,0.0,0.0,0.0,0.0,1.0,1.0,1,0,0,0,0,0,1,0,0,0,0,0,0,0,0,0,0,1
713,QBall,200000,15,1333333,0.0,1.0,1.0,0.0,0.0,0.0,1.0,3.0,1,0,0,0,0,0,0,0,0,0,1,0,0,0,0,0,1,0
714,trippie,100000,10,1000000,0.0,0.0,0.0,0.0,0.0,0.0,0.0,0.0,0,0,0,0,0,0,0,0,0,0,0,0,0,1,0,0,1,0
715,Firdgetland,50000,10,500000,1.0,0.0,0.0,0.0,0.0,0.0,0.0,1.0,1,0,0,0,0,0,0,0,0,1,0,0,0,0,0,0,1,0
716,Enso Rings,500000,7,6666667,0.0,0.0,0.0,1.0,0.0,0.0,0.0,1.0,1,0,0,0,1,0,0,0,0,0,0,0,0,0,0,0,1,0
717,Third Wave Water,100000,10,1000000,1.0,0.0,0.0,0.0,0.0,0.0,0.0,1.0,1,0,0,0,0,0,1,0,0,0,0,0,0,0,0,0,1,0
718,Tanglepets,75000,30,250000,0.0,0.0,1.0,0.0,0.0,0.0,0.0,1.0,1,0,0,1,0,0,0,0,0,0,0,0,0,0,0,1,0,0
719,Delighted By Hummus,600000,12,5000000,0.0,1.0,0.0,0.0,0.0,0.0,0.0,0.0,1,0,0,0,0,0,1,0,0,0,0,0,0,0,0,1,0,0
720,Solemender,75000,10,750000,0.0,0.0,0.0,0.0,0.0,0.0,0.0,0.0,0,0,0,0,0,0,0,0,1,0,0,0,0,0,0,0,1,0
721,IceShaker,100000,15,666667,0.0,1.0,0.0,0.0,0.0,0.0,1.0,2.0,1,0,0,0,0,1,0,0,0,0,0,0,0,0,0,0,1,0
722,benjilock,200000,10,2000000,0.0,0.0,0.0,0.0,0.0,1.0,0.0,1.0,1,0,0,0,0,1,0,0,0,0,0,0,0,0,0,0,1,0
723,Ash & Anvil,100000,12,800000,0.0,1.0,0.0,0.0,0.0,0.0,0.0,1.0,1,0,0,0,1,0,0,0,0,0,0,0,0,0,0,0,1,0
724,Mirmir,350000,10,3500000,0.0,0.0,0.0,1.0,0.0,0.0,0.0,1.0,1,0,0,0,0,0,0,0,0,0,1,0,0,0,0,0,1,0
725,Kwik-hang,80000,20,400000,0.0,0.0,0.0,0.0,0.0,0.0,0.0,0.0,0,0,0,0,0,0,0,0,0,1,0,0,0,0,0,0,1,0
726,H3o Sports,120000,15,800000,0.0,0.0,0.0,1.0,0.0,0.0,0.0,1.0,1,0,0,0,0,1,0,0,0,0,0,0,0,0,0,0,1,0
727,Novel Effect,500000,10,5000000,0.0,0.0,1.0,0.0,0.0,0.0,0.0,1.0,1,0,0,1,0,0,0,0,0,0,0,0,0,0,0,0,0,1
728,Father Figure,80000,15,533333,0.0,0.0,0.0,0.0,0.0,0.0,0.0,0.0,0,0,0,1,0,0,0,0,0,0,0,0,0,0,0,0,1,0
729,DrainWig,300000,5,6000000,0.0,0.0,0.0,0.0,0.0,1.0,0.0,1.0,1,0,0,0,0,0,0,0,0,1,0,0,0,0,0,0,0,1
730,Brazyn Life,225000,10,2250000,0.0,0.0,1.0,0.0,0.0,0.0,1.0,2.0,1,0,0,0,0,1,0,0,0,0,0,0,0,0,0,0,1,0
731,GeoOrbital,500000,5,10000000,0.0,0.0,0.0,0.0,0.0,0.0,0.0,0.0,0,0,0,0,0,1,0,0,0,0,0,0,0,0,0,0,1,0
732,Qeepsake,350000,10,3500000,0.0,0.0,0.0,0.0,0.0,0.0,0.0,0.0,0,0,0,1,0,0,0,0,0,0,0,0,0,0,0,0,1,0
733,WaiveCar,500000,2,25000000,0.0,0.0,0.0,0.0,0.0,1.0,0.0,1.0,1,1,0,0,0,0,0,0,0,0,0,0,0,0,0,0,1,0
734,Pearachute,500000,6,8333333,0.0,1.0,0.0,0.0,0.0,0.0,0.0,1.0,1,0,0,1,0,0,0,0,0,0,0,0,0,0,0,1,0,0
735,No Mo-Stach,100000,25,400000,0.0,0.0,1.0,0.0,0.0,0.0,1.0,2.0,1,0,0,0,1,0,0,0,0,0,0,0,0,0,0,1,0,0
736,Snoofybee,85000,10,850000,0.0,0.0,1.0,0.0,0.0,0.0,0.0,1.0,1,0,0,1,0,0,0,0,0,0,0,0,0,0,0,0,0,1
737,DreamPad,800000,10,8000000,0.0,0.0,0.0,0.0,0.0,0.0,0.0,0.0,0,0,0,0,0,0,0,0,0,1,0,0,0,0,0,0,1,0
738,Snarky Tea,150000,25,600000,0.0,0.0,0.0,0.0,0.0,1.0,1.0,2.0,1,0,0,0,0,0,1,0,0,0,0,0,0,0,0,1,0,0
739,BrilliantPad,500000,5,10000000,0.0,0.0,1.0,0.0,0.0,0.0,0.0,1.0,1,0,0,0,0,0,0,0,0,0,0,1,0,0,0,0,1,0
740,Bravo,150000,5,3000000,0.0,1.0,1.0,0.0,0.0,0.0,0.0,2.0,1,0,0,0,0,0,0,0,0,0,0,0,1,0,0,0,0,1
741,HoopMaps,100000,5,2000000,0.0,0.0,0.0,0.0,0.0,0.0,0.0,0.0,0,0,0,0,0,1,0,0,0,0,0,0,0,0,0,0,1,0
742,Glovestix,150000,10,1500000,0.0,0.0,1.0,0.0,0.0,0.0,1.0,2.0,1,0,0,0,0,1,0,0,0,0,0,0,0,0,0,1,0,0
743,Grypmat,200000,10,2000000,0.0,1.0,1.0,0.0,0.0,0.0,1.0,3.0,1,1,0,0,0,0,0,0,0,0,0,0,0,0,0,0,1,0
744,DNA Simple,100000,12,800000,0.0,1.0,0.0,0.0,0.0,0.0,0.0,1.0,1,0,0,0,0,0,0,0,1,0,0,0,0,0,0,0,1,0
745,Robin,500000,5,10000000,0.0,0.0,0.0,0.0,0.0,0.0,0.0,0.0,0,0,0,0,0,1,0,0,0,0,0,0,0,0,0,0,1,0
746,SmartGurlz,200000,5,4000000,0.0,0.0,0.0,0.0,1.0,0.0,0.0,1.0,1,0,0,0,0,0,0,0,0,0,0,0,1,0,0,1,0,0
747,Reely Hooked Fish Co.,75000,25,300000,0.0,1.0,0.0,0.0,0.0,0.0,0.0,1.0,1,0,0,0,0,0,1,0,0,0,0,0,0,0,0,0,1,0
748,The Cut Buddy,300000,10,3000000,0.0,0.0,0.0,0.0,1.0,0.0,0.0,1.0,1,0,0,0,1,0,0,0,0,0,0,0,0,0,0,0,1,0
749,Slumberkins,175000,5,3500000,0.0,0.0,0.0,0.0,0.0,0.0,0.0,0.0,0,0,0,1,0,0,0,0,0,0,0,0,0,0,0,1,0,0
750,ProntoBev,100000,5,2000000,0.0,1.0,0.0,0.0,0.0,0.0,0.0,1.0,1,0,0,0,0,0,0,0,0,1,0,0,0,0,0,0,1,0
751,Hater,200000,5,4000000,0.0,1.0,0.0,0.0,0.0,0.0,0.0,1.0,1,0,0,0,0,0,0,0,0,0,0,0,1,0,0,0,1,0
752,Coco Taps,150000,10,1500000,0.0,0.0,0.0,0.0,0.0,0.0,0.0,0.0,0,0,0,0,0,0,0,0,0,1,0,0,0,0,0,0,1,0
753,EverlyWell,1000000,5,20000000,0.0,0.0,1.0,0.0,0.0,0.0,0.0,1.0,1,0,0,0,0,0,0,0,1,0,0,0,0,0,0,1,0,0
754,Mush,300000,10,3000000,0.0,1.0,0.0,0.0,0.0,0.0,0.0,1.0,1,0,0,0,0,0,1,0,0,0,0,0,0,0,0,1,0,0
755,The Original Comfy,50000,20,250000,1.0,0.0,0.0,0.0,0.0,0.0,0.0,1.0,1,0,0,0,1,0,0,0,0,0,0,0,0,0,0,0,1,0
756,Christmas Tree Hugger,100000,20,500000,0.0,0.0,0.0,0.0,0.0,0.0,0.0,0.0,0,0,0,0,0,0,0,0,0,1,0,0,0,0,0,0,1,0
757,RokBlok,300000,15,2000000,0.0,0.0,0.0,1.0,0.0,0.0,0.0,1.0,1,0,0,0,0,0,0,0,0,0,1,0,0,0,0,0,1,0
758,Modern Christmas Trees,100000,10,1000000,1.0,0.0,0.0,0.0,0.0,0.0,0.0,1.0,1,0,0,0,0,0,0,0,0,1,0,0,0,0,0,0,1,0
759,Frywall,100000,10,1000000,0.0,0.0,1.0,0.0,0.0,1.0,0.0,2.0,1,0,0,0,0,0,0,0,0,1,0,0,0,0,0,0,1,0
760,Elliptical Stroller,500000,40,1250000,0.0,0.0,0.0,0.0,0.0,0.0,0.0,0.0,0,0,0,0,0,1,0,0,0,0,0,0,0,0,0,0,1,0
761,Inirv,800000,8,10000000,0.0,0.0,0.0,0.0,0.0,0.0,0.0,0.0,0,0,0,0,0,0,0,0,0,1,0,0,0,0,0,0,0,1
762,birddogs,250000,1,16666667,0.0,0.0,0.0,0.0,0.0,0.0,0.0,0.0,0,0,0,0,1,0,0,0,0,0,0,0,0,0,0,0,1,0
763,iFork,100000,5,2000000,1.0,0.0,0.0,0.0,0.0,0.0,0.0,1.0,1,0,0,0,0,0,0,0,0,1,0,0,0,0,0,0,1,0
764,Stasher,400000,5,8000000,0.0,1.0,0.0,0.0,0.0,0.0,0.0,1.0,1,0,0,0,0,0,0,1,0,0,0,0,0,0,0,1,0,0
765,Recharj,75000,15,500000,0.0,0.0,0.0,0.0,0.0,0.0,0.0,0.0,0,0,1,0,0,0,0,0,0,0,0,0,0,0,0,0,1,0
766,Detrapel,200000,20,1000000,0.0,1.0,1.0,0.0,0.0,0.0,0.0,2.0,1,0,0,0,0,0,0,0,0,1,0,0,0,0,0,0,1,0
767,Joe's Gourmet Fish Fry,150000,15,1000000,0.0,0.0,0.0,0.0,1.0,0.0,0.0,1.0,1,0,0,0,0,0,1,0,0,0,0,0,0,0,0,0,0,1
768,Goat Pet Products,499000,9,5544444,0.0,0.0,0.0,1.0,0.0,0.0,0.0,1.0,1,0,0,0,0,0,0,0,0,0,0,1,0,0,0,1,0,0
769,Dude Robe,150000,18,833333,0.0,0.0,0.0,0.0,0.0,0.0,0.0,0.0,0,0,0,0,1,0,0,0,0,0,0,0,0,0,0,0,1,0
770,The Long Hairs,95000,10,950000,0.0,1.0,0.0,0.0,0.0,0.0,0.0,1.0,1,0,0,0,1,0,0,0,0,0,0,0,0,0,0,0,1,0
771,Alice's Table,250000,6,4000000,0.0,1.0,0.0,0.0,0.0,0.0,1.0,2.0,1,0,1,0,0,0,0,0,0,0,0,0,0,0,0,1,0,0
772,Zup,300000,10,3000000,0.0,0.0,0.0,0.0,0.0,0.0,0.0,0.0,0,0,0,0,0,1,0,0,0,0,0,0,0,0,0,0,1,0
773,Boobie Bar,150000,10,1500000,0.0,0.0,0.0,0.0,1.0,0.0,0.0,1.0,1,0,0,0,0,0,1,0,0,0,0,0,0,0,0,1,0,0
774,Pandaloon,60000,20,300000,0.0,0.0,0.0,0.0,1.0,0.0,0.0,1.0,1,0,0,0,0,0,0,0,0,0,0,1,0,0,0,1,0,0
775,The Pop,250000,5,5000000,0.0,0.0,0.0,0.0,0.0,1.0,0.0,1.0,1,0,0,1,0,0,0,0,0,0,0,0,0,0,0,1,0,0
776,RounderBum,150000,10,1500000,0.0,0.0,0.0,0.0,0.0,1.0,0.0,0.0,1,0,0,0,1,0,0,0,0,0,0,0,0,0,0,0,1,0
777,Brush Hero,500000,10,5000000,0.0,0.0,0.0,0.0,0.0,0.0,0.0,0.0,0,0,0,0,0,0,0,0,0,1,0,0,0,0,0,0,1,0
778,Savy,100000,10,1000000,0.0,0.0,0.0,0.0,0.0,0.0,0.0,0.0,0,0,0,0,1,0,0,0,0,0,0,0,0,0,0,1,0,0
779,Guzzle Buddy,400000,10,4000000,0.0,0.0,0.0,0.0,1.0,0.0,0.0,0.0,1,0,0,0,0,0,1,0,0,0,0,0,0,0,0,0,0,1
780,Bouquet Bar,150000,10,1500000,0.0,1.0,0.0,0.0,0.0,0.0,0.0,1.0,1,0,0,0,0,0,0,0,0,1,0,0,0,0,0,0,1,0
781,The Wingman,200000,12,1600000,0.0,0.0,0.0,0.0,0.0,0.0,0.0,0.0,0,0,0,0,0,1,0,0,0,0,0,0,0,0,0,0,1,0
782,Zuvaa,460000,10,4600000,0.0,0.0,0.0,0.0,0.0,0.0,0.0,0.0,0,0,0,0,1,0,0,0,0,0,0,0,0,0,0,1,0,0
783,The Dough Bar,300000,15,2000000,1.0,0.0,0.0,0.0,0.0,0.0,0.0,1.0,1,0,0,0,0,0,1,0,0,0,0,0,0,0,0,0,0,1
784,ShowerPill,300000,10,3000000,0.0,0.0,0.0,0.0,0.0,0.0,0.0,0.0,0,0,0,0,0,0,0,0,1,0,0,0,0,0,0,0,1,0
785,ChangEd,250000,15,1666667,0.0,1.0,0.0,0.0,0.0,0.0,0.0,1.0,1,0,0,1,0,0,0,0,0,0,0,0,0,0,0,0,1,0
786,SnapClips,150000,15,1000000,0.0,1.0,1.0,0.0,0.0,0.0,1.0,3.0,1,0,0,0,0,1,0,0,0,0,0,0,0,0,0,0,1,0
787,Sap!,600000,12,5000000,0.0,0.0,0.0,0.0,0.0,0.0,0.0,0.0,0,0,0,0,0,0,1,0,0,0,0,0,0,0,0,0,1,0
788,Radiate,50000,20,250000,0.0,0.0,0.0,1.0,0.0,0.0,0.0,1.0,1,0,0,0,0,1,0,0,0,0,0,0,0,0,0,0,1,0
789,Petrol,150000,20,750000,0.0,0.0,0.0,0.0,0.0,0.0,0.0,0.0,0,0,0,0,0,0,0,0,0,0,0,1,0,0,0,0,0,1
790,Everytable,1000000,5,20000000,0.0,0.0,0.0,0.0,0.0,0.0,1.0,1.0,1,0,0,0,0,0,1,0,0,0,0,0,0,0,0,0,1,0
791,Gunnar Optiks,750000,5,15000000,0.0,0.0,1.0,0.0,0.0,0.0,0.0,1.0,1,0,0,0,0,0,0,0,0,1,0,0,0,0,0,0,1,0
792,Avocaderia,300000,10,3000000,1.0,1.0,0.0,0.0,0.0,0.0,0.0,2.0,1,0,0,0,0,0,1,0,0,0,0,0,0,0,0,0,1,0
793,Solsource,500000,3,16666667,0.0,1.0,0.0,0.0,0.0,0.0,0.0,1.0,1,0,0,0,0,0,0,0,0,1,0,0,0,0,0,1,0,0
794,Sunnova,500000,4,11111111,0.0,0.0,0.0,0.0,0.0,0.0,0.0,0.0,0,0,0,0,0,0,1,0,0,0,0,0,0,0,0,0,1,0
795,Egg Mazing,350000,7,5000000,0.0,0.0,1.0,0.0,0.0,0.0,0.0,1.0,1,0,0,0,0,0,0,0,0,1,0,0,0,0,0,0,1,0
796,Hugo's Amazing Tape,50000,50,100000,0.0,1.0,1.0,0.0,0.0,0.0,0.0,2.0,1,0,0,0,0,0,0,0,0,1,0,0,0,0,0,1,0,0
797,Coolpeds,250000,5,5000000,0.0,0.0,0.0,0.0,0.0,0.0,0.0,0.0,0,0,0,0,0,1,0,0,0,0,0,0,0,0,0,0,1,0
798,Coinout,250000,7,3333333,0.0,0.0,0.0,1.0,0.0,0.0,0.0,1.0,1,0,0,0,0,0,0,0,0,0,0,0,1,0,0,0,1,0
799,Bermie's,200000,20,1000000,0.0,0.0,0.0,0.0,0.0,0.0,0.0,0.0,0,0,0,0,1,0,0,0,0,0,0,0,0,0,0,0,1,0
800,Lace Your Face,350000,10,3500000,0.0,0.0,1.0,0.0,0.0,0.0,0.0,1.0,1,0,0,0,1,0,0,0,0,0,0,0,0,0,0,1,0,0
801,OA Foods,300000,10,3000000,0.0,0.0,1.0,1.0,0.0,0.0,0.0,2.0,1,0,0,0,0,0,1,0,0,0,0,0,0,0,0,0,1,0
802,Thrive+,400000,10,4000000,0.0,0.0,0.0,0.0,0.0,0.0,0.0,0.0,0,0,0,0,0,0,0,0,1,0,0,0,0,0,0,0,1,0
803,Final Straw,625000,5,12500000,0.0,0.0,0.0,0.0,0.0,0.0,0.0,0.0,0,0,0,0,0,0,0,0,0,1,0,0,0,0,0,0,0,1
804,Bear Bowl,100000,20,500000,0.0,0.0,0.0,0.0,0.0,0.0,1.0,0.0,1,0,0,0,0,0,0,0,0,1,0,0,0,0,0,0,0,1
805,Le-Glue,80000,15,533333,0.0,0.0,0.0,0.0,0.0,1.0,0.0,0.0,1,0,0,1,0,0,0,0,0,0,0,0,0,0,0,0,1,0
806,Boxlock,1000000,5,20000000,0.0,0.0,0.0,0.0,0.0,0.0,0.0,0.0,0,0,0,0,0,0,0,0,0,1,0,0,0,0,0,0,1,0
807,Sanaía,150000,15,1000000,0.0,1.0,0.0,0.0,0.0,0.0,0.0,0.0,1,0,0,0,0,0,1,0,0,0,0,0,0,0,0,1,0,0
808,Lug Bug,300000,10,3000000,0.0,0.0,0.0,0.0,0.0,0.0,0.0,0.0,0,0,0,1,0,0,0,0,0,0,0,0,0,0,0,0,1,0
809,Ta-Ta Towels,200000,10,2000000,0.0,0.0,1.0,0.0,0.0,0.0,0.0,0.0,1,0,0,0,1,0,0,0,0,0,0,0,0,0,0,1,0,0
810,Shed Defender,250000,10,2500000,0.0,0.0,1.0,0.0,0.0,0.0,0.0,0.0,1,0,0,0,0,0,0,0,0,0,0,1,0,0,0,0,1,0
811,Soupergirl,500000,10,5000000,0.0,0.0,0.0,0.0,0.0,0.0,0.0,0.0,0,0,0,0,0,0,1,0,0,0,0,0,0,0,0,1,0,0
812,bundil,100000,10,1000000,0.0,0.0,0.0,0.0,0.0,1.0,0.0,0.0,1,0,0,0,0,0,0,0,0,0,0,0,1,0,0,0,1,0
813,Beyond Sushi,1500000,30,5000000,0.0,0.0,1.0,0.0,0.0,0.0,1.0,0.0,1,0,0,0,0,0,1,0,0,0,0,0,0,0,0,0,1,0
814,Cup Board Pro,100000,10,1000000,0.0,1.0,1.0,0.0,1.0,1.0,1.0,0.0,1,0,0,0,0,0,0,0,0,1,0,0,0,0,0,0,0,1
815,Manscaped,500000,7,7142857,0.0,1.0,1.0,0.0,0.0,0.0,0.0,2.0,1,0,0,0,0,0,0,0,1,0,0,0,0,0,0,0,1,0
816,boomboom,300000,10,3000000,0.0,0.0,0.0,0.0,0.0,0.0,0.0,0.0,0,0,0,0,0,0,0,0,1,0,0,0,0,0,0,0,0,1
817,Cave Shake,250000,10,2500000,0.0,0.0,0.0,0.0,0.0,0.0,1.0,1.0,1,0,0,0,0,0,1,0,0,0,0,0,0,0,0,1,0,0
818,Butter Cloth,250000,10,2500000,0.0,0.0,0.0,1.0,0.0,0.0,0.0,0.0,1,0,0,0,1,0,0,0,0,0,0,0,0,0,0,0,1,0
819,Handbag Raincoat,300000,25,1200000,0.0,0.0,0.0,0.0,0.0,0.0,0.0,0.0,0,0,0,0,1,0,0,0,0,0,0,0,0,0,0,1,0,0
820,Rewardstock,200000,5,4000000,0.0,1.0,0.0,0.0,0.0,0.0,0.0,0.0,1,0,0,0,0,0,0,0,0,0,0,0,1,0,0,0,1,0
821,Wisp,500000,10,5000000,0.0,0.0,0.0,0.0,0.0,0.0,0.0,0.0,0,0,0,0,0,0,0,0,0,1,0,0,0,0,0,0,1,0
822,The Kombucha Shop,350000,10,3500000,1.0,0.0,0.0,0.0,0.0,0.0,1.0,2.0,1,0,0,0,0,0,1,0,0,0,0,0,0,0,0,1,0,0
823,Lockstraps,200000,20,1000000,0.0,0.0,0.0,0.0,0.0,0.0,0.0,0.0,0,0,0,0,0,0,0,0,0,1,0,0,0,0,0,0,1,0
824,Vade Nutrition,250000,10,2500000,0.0,1.0,0.0,0.0,0.0,0.0,1.0,0.0,1,0,0,0,0,0,1,0,0,0,0,0,0,0,0,0,0,1
825,Nui,300000,10,3000000,0.0,0.0,0.0,0.0,0.0,0.0,1.0,0.0,1,0,0,0,0,0,1,0,0,0,0,0,0,0,0,0,1,0
826,Bottlekeeper,1000000,5,20000000,0.0,1.0,1.0,0.0,0.0,0.0,0.0,0.0,1,0,0,0,0,0,0,0,0,1,0,0,0,0,0,0,1,0
827,Prank-O,640000,8,8000000,0.0,1.0,0.0,0.0,0.0,0.0,0.0,0.0,1,0,0,0,0,0,0,0,0,0,0,0,0,0,1,0,1,0
828,Ski-Z,50000,15,333333,1.0,0.0,0.0,0.0,0.0,0.0,0.0,0.0,1,0,0,0,0,1,0,0,0,0,0,0,0,0,0,0,1,0
829,Oatmeals,500000,20,2500000,0.0,0.0,1.0,0.0,0.0,0.0,0.0,0.0,1,0,0,0,0,0,1,0,0,0,0,0,0,0,0,1,0,0
830,Hire Santa,200000,10,2000000,1.0,0.0,0.0,0.0,0.0,0.0,0.0,0.0,1,0,1,0,0,0,0,0,0,0,0,0,0,0,0,0,1,0
831,Pop It Pal,250000,10,2500000,0.0,0.0,0.0,0.0,0.0,1.0,0.0,1.0,1,0,0,0,0,0,0,0,0,0,0,0,0,0,1,0,0,1
832,Yumble,500000,4,12500000,0.0,0.0,0.0,0.0,0.0,0.0,1.0,1.0,1,0,0,0,0,0,1,0,0,0,0,0,0,0,0,0,0,1
833,BollyX,375000,8,4687500,0.0,0.0,0.0,0.0,0.0,0.0,1.0,1.0,0,0,0,0,0,1,0,0,0,0,0,0,0,0,0,0,1,0
834,Mother,400000,10,4000000,0.0,0.0,0.0,0.0,0.0,0.0,0.0,0.0,1,0,0,0,0,0,1,0,0,0,0,0,0,0,0,0,0,1
835,Moki Doorstep,150000,5,3000000,0.0,0.0,0.0,0.0,1.0,0.0,0.0,1.0,1,1,0,0,0,0,0,0,0,0,0,0,0,0,0,0,0,1
836,Sproing Fitness,500000,8,6250000,0.0,0.0,0.0,0.0,0.0,0.0,0.0,0.0,0,0,0,0,0,1,0,0,0,0,0,0,0,0,0,0,1,0
837,Bruw,50000,25,200000,0.0,1.0,0.0,0.0,0.0,0.0,0.0,1.0,1,0,0,0,0,0,1,0,0,0,0,0,0,0,0,0,1,0
838,TushBaby,200000,10,2000000,0.0,0.0,1.0,0.0,0.0,0.0,0.0,1.0,1,0,0,1,0,0,0,0,0,0,0,0,0,0,0,1,0,0
839,Adventure Hunt,150000,10,1500000,0.0,0.0,0.0,1.0,0.0,0.0,0.0,1.0,1,0,0,0,0,1,0,0,0,0,0,0,0,0,0,0,1,0
840,Uniform,300000,10,3000000,0.0,0.0,0.0,0.0,0.0,0.0,0.0,0.0,0,0,0,0,1,0,0,0,0,0,0,0,0,0,0,0,1,0
841,Pristine,50000,20,250000,0.0,0.0,0.0,0.0,0.0,0.0,0.0,0.0,1,0,0,0,0,0,0,0,1,0,0,0,0,0,0,0,0,1
842,Aquapaw,200000,7,2666667,0.0,0.0,0.0,0.0,0.0,0.0,0.0,0.0,0,0,0,0,0,0,0,0,0,0,0,1,0,0,0,0,1,0
843,Sonnet James,350000,25,1400000,0.0,0.0,0.0,0.0,0.0,0.0,1.0,0.0,1,0,0,0,1,0,0,0,0,0,0,0,0,0,0,1,0,0
844,Kitty Kasas,200000,20,1000000,0.0,0.0,0.0,0.0,0.0,0.0,0.0,0.0,1,0,0,0,0,0,0,0,0,0,0,1,0,0,0,0,0,1
845,Makeup Junkie Bags,200000,15,1333333,0.0,0.0,1.0,0.0,0.0,0.0,0.0,0.0,1,0,0,0,1,0,0,0,0,0,0,0,0,0,0,1,0,0
846,Angel Shave Club,300000,10,3000000,0.0,0.0,0.0,0.0,0.0,0.0,0.0,0.0,0,0,0,0,1,0,0,0,0,0,0,0,0,0,0,0,0,1
847,Obvious Wines,150000,5,3000000,0.0,0.0,1.0,0.0,0.0,0.0,0.0,1.0,1,0,0,0,0,0,1,0,0,0,0,0,0,0,0,0,1,0
848,ZuGoPet,100000,10,1000000,0.0,0.0,0.0,0.0,0.0,0.0,0.0,0.0,0,0,0,0,0,0,0,0,0,0,0,1,0,0,0,1,0,0
849,Monti Kids,200000,2,8000000,0.0,0.0,0.0,0.0,0.0,1.0,0.0,1.0,1,0,0,1,0,0,0,0,0,0,0,0,0,0,0,1,0,0
850,Twist It Up Combs,225000,15,1500000,0.0,1.0,0.0,0.0,1.0,0.0,0.0,2.0,1,0,0,0,1,0,0,0,0,0,0,0,0,0,0,0,1,0
851,Fresh Bellies,275000,5,5500000,0.0,0.0,0.0,0.0,0.0,0.0,0.0,0.0,0,0,0,0,0,0,1,0,0,0,0,0,0,0,0,1,0,0
852,SubSafe,50000,13,384615,0.0,1.0,0.0,0.0,0.0,0.0,1.0,2.0,1,0,0,0,0,0,0,0,0,1,0,0,0,0,0,0,0,1
853,Zorpads,150000,8,1875000,0.0,0.0,1.0,0.0,0.0,0.0,1.0,0.0,1,0,0,0,1,0,0,0,0,0,0,0,0,0,0,0,0,1
854,Life Lift Systems,550000,15,3666667,0.0,1.0,0.0,0.0,0.0,0.0,0.0,1.0,1,0,0,0,0,0,0,0,0,1,0,0,0,0,0,0,1,0
855,CulrMix,400000,10,4000000,0.0,0.0,0.0,0.0,0.0,0.0,0.0,0.0,0,0,0,0,1,0,0,0,0,0,0,0,0,0,0,0,0,1
856,Zookies,50000,20,250000,0.0,0.0,0.0,0.0,0.0,0.0,1.0,0.0,1,0,0,0,0,0,0,0,0,0,0,1,0,0,0,0,1,0
857,GOGA,50000,15,333333,0.0,0.0,0.0,0.0,0.0,0.0,0.0,0.0,0,0,0,0,0,0,0,0,1,0,0,0,0,0,0,0,0,1
858,Shower Toga,80000,33,242424,0.0,1.0,0.0,0.0,0.0,0.0,1.0,2.0,1,0,0,0,0,0,0,0,0,1,0,0,0,0,0,1,0,0
859,ToyBox,150000,5,3000000,0.0,0.0,0.0,0.0,0.0,1.0,0.0,0.0,1,0,0,0,0,0,0,0,0,0,0,0,1,0,0,0,0,1
860,Moink Meat,250000,10,2500000,0.0,0.0,0.0,0.0,0.0,0.0,1.0,0.0,1,0,0,0,0,0,1,0,0,0,0,0,0,0,0,1,0,0
861,Goalsetter,200000,4,5000000,0.0,0.0,0.0,0.0,0.0,0.0,0.0,0.0,0,0,0,0,0,0,0,0,0,0,0,0,1,0,0,1,0,0
862,Jolly Roger,400000,10,4000000,0.0,0.0,0.0,0.0,0.0,0.0,0.0,0.0,0,0,0,0,0,0,0,0,0,0,0,0,1,0,0,0,1,0
863,Urban Float,500000,5,10000000,0.0,0.0,0.0,0.0,0.0,0.0,1.0,0.0,1,0,0,0,0,0,0,0,1,0,0,0,0,0,0,0,1,0
864,Kudo Banz,150000,10,1500000,0.0,0.0,0.0,0.0,0.0,0.0,0.0,0.0,0,0,0,1,0,0,0,0,0,0,0,0,0,0,0,0,0,1
865,Pooch Selfie,100000,20,500000,0.0,0.0,0.0,0.0,1.0,0.0,0.0,0.0,1,0,0,0,0,0,0,0,0,0,0,1,0,0,0,0,1,0
866,Wild Earth,550000,5,11000000,0.0,1.0,0.0,0.0,0.0,0.0,0.0,0.0,1,0,0,0,0,0,0,0,0,0,0,1,0,0,0,0,1,0
867,SilkRoll,250000,3,8333333,0.0,0.0,0.0,0.0,0.0,0.0,0.0,0.0,0,0,0,0,1,0,0,0,0,0,0,0,0,0,0,0,0,1
868,Press Waffle Co.,200000,8,2500000,1.0,0.0,0.0,0.0,0.0,0.0,0.0,0.0,1,0,0,0,0,0,1,0,0,0,0,0,0,0,0,0,1,0
869,Pickup Pools,100000,25,400000,0.0,1.0,0.0,0.0,0.0,0.0,0.0,0.0,1,1,0,0,0,0,0,0,0,0,0,0,0,0,0,0,1,0
870,Dare-U-Go Bib,350000,10,3500000,1.0,0.0,0.0,0.0,0.0,0.0,0.0,0.0,1,0,0,1,0,0,0,0,0,0,0,0,0,0,0,1,0,0
871,Nuchas Empanada,2000000,8,25000000,0.0,0.0,0.0,0.0,0.0,0.0,0.0,0.0,0,0,0,0,0,0,1,0,0,0,0,0,0,0,0,0,1,0
872,CertifiKID,500000,6,8333333,0.0,0.0,0.0,0.0,0.0,0.0,0.0,0.0,0,0,0,1,0,0,0,0,0,0,0,0,0,0,0,0,1,0
873,Kanga Koozie,100000,10,1000000,0.0,1.0,0.0,0.0,0.0,0.0,0.0,0.0,1,0,0,0,0,0,0,0,0,1,0,0,0,0,0,0,1,0
874,HAVEN Lock,600000,8,7500000,0.0,0.0,0.0,0.0,0.0,1.0,0.0,0.0,1,0,0,0,0,0,0,0,0,1,0,0,0,0,0,0,0,1
875,Pricetitution,100000,20,500000,1.0,0.0,0.0,0.0,0.0,0.0,1.0,0.0,1,0,0,0,0,0,0,0,0,0,1,0,0,0,0,0,1,0
876,Luma Soda,500000,20,2500000,0.0,0.0,0.0,0.0,0.0,0.0,0.0,0.0,0,0,0,0,0,0,1,0,0,0,0,0,0,0,0,0,1,0
877,Hydroviv,400000,10,4000000,0.0,1.0,0.0,0.0,0.0,0.0,0.0,0.0,1,0,0,0,0,0,0,0,0,1,0,0,0,0,0,0,1,0
878,Flip-It,500000,10,5000000,0.0,0.0,0.0,0.0,0.0,0.0,0.0,0.0,0,0,0,0,0,0,0,0,0,1,0,0,0,0,0,0,1,0
879,Maven's Creamery,400000,10,4000000,1.0,0.0,0.0,0.0,0.0,0.0,0.0,0.0,1,0,0,0,0,0,1,0,0,0,0,0,0,0,0,1,0,0
880,Sapre,500000,3,14285714,0.0,1.0,0.0,0.0,0.0,0.0,0.0,0.0,1,0,1,0,0,0,0,0,0,0,0,0,0,0,0,0,1,0
881,Swoveralls,150000,15,1000000,0.0,0.0,0.0,0.0,0.0,0.0,0.0,0.0,0,0,0,0,1,0,0,0,0,0,0,0,0,0,0,0,1,0
882,Somnifix,500000,10,5000000,0.0,1.0,0.0,0.0,0.0,0.0,0.0,0.0,1,0,0,0,0,0,0,0,1,0,0,0,0,0,0,0,1,0
883,The Best Pocket Sqaure Holder,250000,15,1666667,0.0,0.0,0.0,0.0,0.0,0.0,0.0,0.0,1,0,0,0,1,0,0,0,0,0,0,0,0,0,0,0,1,0
884,Basepaws,250000,5,5000000,0.0,0.0,0.0,1.0,0.0,1.0,0.0,0.0,1,0,0,0,0,0,0,0,0,0,0,1,0,0,0,1,0,0
885,The Bang Shack,80000,20,0,0.0,0.0,0.0,0.0,0.0,0.0,0.0,0.0,0,0,0,0,0,0,1,0,0,0,0,0,0,0,0,0,1,0
886,Kymera,250000,5,5000000,0.0,0.0,0.0,1.0,0.0,0.0,0.0,0.0,1,0,0,0,0,1,0,0,0,0,0,0,0,0,0,0,1,0
887,DeskView,150000,7,2000000,0.0,0.0,0.0,0.0,0.0,1.0,0.0,0.0,1,0,0,0,0,0,0,0,0,1,0,0,0,0,0,0,1,0
888,Saucemoto,45000,15,300000,0.0,0.0,0.0,1.0,0.0,0.0,0.0,0.0,1,1,0,0,0,0,0,0,0,0,0,0,0,0,0,0,1,0
889,DoughP,450000,10,4500000,0.0,0.0,0.0,0.0,0.0,0.0,0.0,0.0,0,0,0,0,0,0,1,0,0,0,0,0,0,0,0,1,0,0
890,Cubicall,350000,10,3500000,1.0,0.0,0.0,0.0,0.0,0.0,0.0,0.0,1,0,0,0,0,0,0,0,0,1,0,0,0,0,0,0,1,0
891,Fat Shack,250000,7,3333333,0.0,1.0,0.0,0.0,0.0,0.0,0.0,0.0,1,0,0,0,0,0,1,0,0,0,0,0,0,0,0,0,1,0
892,Quickflip,500000,5,10000000,0.0,0.0,1.0,0.0,0.0,0.0,0.0,0.0,1,0,0,0,1,0,0,0,0,0,0,0,0,0,0,0,1,0
893,BatBnB,100000,16,625000,0.0,0.0,0.0,0.0,0.0,1.0,0.0,0.0,1,0,0,0,0,0,0,0,0,1,0,0,0,0,0,0,1,0
894,CoyoteVest,250000,10,0,0.0,0.0,0.0,0.0,0.0,0.0,0.0,0.0,0,0,0,0,0,0,0,0,0,0,0,1,0,0,0,0,0,1
